file_name,file_path,file_size_mb,file_size_bytes,modified_date,media_type,download_link,mime_type,created
Print-1_SIS COPY_TEACHER'S ASSIGNED & MOBILE NO.pdf,disk:/SAS2023/Print-1_SIS COPY_TEACHER'S ASSIGNED & MOBILE NO.pdf,0.15,157495,2023-11-20 14:41:57,document,https://downloader.disk.yandex.ru/disk/20116fb6719ce5adc9b3dcaf2ed14f7fc12ee2db19c0e7d6868a9dd933fba73a/6a53c6ac/hDhpBaxhocr6Dbg5IBj20XgzwWXU2eUb_IiOYIJJyOIhIp26Fe_0hncli9ygbsxtUhMIzmiuWRbcoMqp5B6mxg%3D%3D?uid=1555067240&filename=Print-1_SIS%20COPY_TEACHER%27S%20ASSIGNED%20%26%20MOBILE%20NO.pdf&disposition=attachment&hash=&limit=0&content_type=application%2Fpdf&owner_uid=1555067240&fsize=157495&hid=2cfc5743b1c6b771ae6fddba83f421e4&media_type=document&tknv=v3&is_direct_zip_experiment=1&etag=4e8d01acda042e295741efeceb134d01,application/pdf,2023-11-20T14:41:33+00:00
Print-2_TO BE INFORMED OVER PHONE.pdf,disk:/SAS2023/Print-2_TO BE INFORMED OVER PHONE.pdf,0.09,93703,2023-11-20 14:44:13,document,https://downloader.disk.yandex.ru/disk/0c9330bff111f2b09fe49bbfc3aae87221e36f3bf9dc06fb345f94c9b440238d/6a53c6ad/hDhpBaxhocr6Dbg5IBj20QdFoiDNAbWpusO45_2KG2u_8Wi-1gFIesTNQm3GIvUlDISoYHxkJsdZcgFs_2h1yQ%3D%3D?uid=1555067240&filename=Print-2_TO%20BE%20INFORMED%20OVER%20PHONE.pdf&disposition=attachment&hash=&limit=0&content_type=application%2Fpdf&owner_uid=1555067240&fsize=93703&hid=e130e20cb8d255795c4dd80342ff87fa&media_type=document&tknv=v3&is_direct_zip_experiment=1&etag=0774d9dfffd7d298a2476e4141193e1b,application/pdf,2023-11-20T14:41:32+00:00
Print-3_SAS TOOL DISTRIBUTION AND CONTROL SHEET & BANK DETAILS.pdf,disk:/SAS2023/Print-3_SAS TOOL DISTRIBUTION AND CONTROL SHEET & BANK DETAILS.pdf,0.25,258933,2023-11-20 14:44:21,document,https://downloader.disk.yandex.ru/disk/f6a590261ed0c422d5a95e8f9453f784b2dd922b31af65f344a32d86659041b8/6a53c6ad/hDhpBaxhocr6Dbg5IBj20T3fnQvN6FCD3Sy93enRGZRDhEoKo2OX2ckqNK7676LUSOt98ICu-Gn4bW_flwTguA%3D%3D?uid=1555067240&filename=Print-3_SAS%20TOOL%20DISTRIBUTION%20AND%20CONTROL%20SHEET%20%26%20BANK%20DETAILS.pdf&disposition=attachment&hash=&limit=0&content_type=application%2Fpdf&owner_uid=1555067240&fsize=258933&hid=a959b8929a6d0abc899b683bd5b5c9c0&media_type=document&tknv=v3&is_direct_zip_experiment=1&etag=13b13a8919872ec03c5465fd749c76d8,application/pdf,2023-11-20T14:41:36+00:00
Print-4_EVALUATION SHEET DISTRIBUTION AND CONTROL.pdf,disk:/SAS2023/Print-4_EVALUATION SHEET DISTRIBUTION AND CONTROL.pdf,0.1,103228,2023-11-20 14:44:28,document,https://downloader.disk.yandex.ru/disk/7718de59b110dd3b673e343edd7fc1e07c422d8b2d3d3db122a4003c67673f2f/6a53c6ae/hDhpBaxhocr6Dbg5IBj20Q4Qq6KV7VHpyoj52W-CoIWYoJ7jN28XLrX6AMU19yeMHD_BWwhbFHDYoHdTM9FLZg%3D%3D?uid=1555067240&filename=Print-4_EVALUATION%20SHEET%20DISTRIBUTION%20AND%20CONTROL.pdf&disposition=attachment&hash=&limit=0&content_type=application%2Fpdf&owner_uid=1555067240&fsize=103228&hid=5a36a989d1ca5b2e376fa85aefdd30c6&media_type=document&tknv=v3&is_direct_zip_experiment=1&etag=f83a9b8d9409a22b331ad10cb359b9ee,application/pdf,2023-11-20T14:41:33+00:00
Application Format for Head Teacher.pdf,disk:/Application Format for Head Teacher.pdf,0.23,246383,2024-01-19 04:43:04,document,https://downloader.disk.yandex.ru/disk/366d5d584f48a924f8a43eacc067d2872fda56dd82bbeedf35faa5e42064c153/6a53c6af/hDhpBaxhocr6Dbg5IBj20Vn21mkRfwKizyDsW5vAhhsiKK4dm3KG47GELH3FLABC0xnqoXcUT2v2WIGPh1UsSg%3D%3D?uid=1555067240&filename=Application%20Format%20for%20Head%20Teacher.pdf&disposition=attachment&hash=&limit=0&content_type=application%2Fpdf&owner_uid=1555067240&fsize=246383&hid=e7271d167e7e1398e2b920b2f20407de&media_type=document&tknv=v3&is_direct_zip_experiment=1&etag=de0125efccb8f3930ab40e08521d3d3c,application/pdf,2024-01-19T04:43:04+00:00
Unwilling format.pdf,disk:/Unwilling format.pdf,0.74,770716,2024-02-21 05:35:15,document,https://downloader.disk.yandex.ru/disk/91078c5fbdb547c4254350cbbe6c73ee5288fc40735098c4f30ac725a8de0b46/6a53c6af/hDhpBaxhocr6Dbg5IBj20YhOuU_CaM-43PeeErl2zSsSXYXI-bsVqrm01waBLK5RF5Wpd73w3fWv1K6gX9amSQ%3D%3D?uid=1555067240&filename=Unwilling%20format.pdf&disposition=attachment&hash=&limit=0&content_type=application%2Fpdf&owner_uid=1555067240&fsize=770716&hid=81b3b5eec8c73e354394760ae0748bef&media_type=document&tknv=v3&is_direct_zip_experiment=1&etag=c4ee1ddbb0c95f9813342a8a57588e04,application/pdf,2024-02-21T05:35:15+00:00
Class 3(Lang-Math-World Around Us)_MOCK SET.pdf,disk:/NAS2024_MOCK QUESTION PAPER/Class 3(Lang-Math-World Around Us)_MOCK SET.pdf,1.3,1367506,2024-10-04 02:14:03,document,https://downloader.disk.yandex.ru/disk/76a25a9c7eaaab87ccb3e9454d789792bc24279e00afa9b018628fa5d1de570e/6a53c6b0/hDhpBaxhocr6Dbg5IBj20fmJbXnKLOH-z-vvofNuMpUaUVGVWe-yKEC7s68pBTc4agqjt8PgDbVeWOd4BsJXCQ%3D%3D?uid=1555067240&filename=Class%203%28Lang-Math-World%20Around%20Us%29_MOCK%20SET.pdf&disposition=attachment&hash=&limit=0&content_type=application%2Fpdf&owner_uid=1555067240&fsize=1367506&hid=f31332160b8787796d3e38afcb878d77&media_type=document&tknv=v3&is_direct_zip_experiment=1&etag=7600fc33c4c931195cf1c65ccdd41423,application/pdf,2024-10-04T02:09:43+00:00
Class 6(Lang-Math-World Around Us)_MOCK SET.pdf,disk:/NAS2024_MOCK QUESTION PAPER/Class 6(Lang-Math-World Around Us)_MOCK SET.pdf,1.76,1845865,2024-10-04 02:14:36,document,https://downloader.disk.yandex.ru/disk/3f6b0a837826f345d9b6f180dfd35808ace235e9ade3f2768f2076a560f11238/6a53c6b1/hDhpBaxhocr6Dbg5IBj20UzRQMDaeQqf1izSVG5g_49LhOLdMP0tN9TTLLptosfV9DYRbhBLekq8oJteKeNw-w%3D%3D?uid=1555067240&filename=Class%206%28Lang-Math-World%20Around%20Us%29_MOCK%20SET.pdf&disposition=attachment&hash=&limit=0&content_type=application%2Fpdf&owner_uid=1555067240&fsize=1845865&hid=6d7b189c02c3aff074719ea430866b43&media_type=document&tknv=v3&is_direct_zip_experiment=1&etag=105bd7aed0265ac723860f181fa202ef,application/pdf,2024-10-04T02:09:47+00:00
Class 9(Lang-Math-Science-Social Science)_MOCK SET.pdf,disk:/NAS2024_MOCK QUESTION PAPER/Class 9(Lang-Math-Science-Social Science)_MOCK SET.pdf,2.88,3017123,2024-10-04 02:15:14,document,https://downloader.disk.yandex.ru/disk/3344aa36503fa8f66fef8074c934cc892d659a07bdb7de3fbcd97a3674d624fc/6a53c6b1/hDhpBaxhocr6Dbg5IBj20bEDp2rsyBB6-MQnBtcODUMrgK8tKUiAcHMlodwgyzGnkF-IeyLenAw-KzNYq9RSmA%3D%3D?uid=1555067240&filename=Class%209%28Lang-Math-Science-Social%20Science%29_MOCK%20SET.pdf&disposition=attachment&hash=&limit=0&content_type=application%2Fpdf&owner_uid=1555067240&fsize=3017123&hid=f20d0f49713fc5369da5ad5ddbd8a875&media_type=document&tknv=v3&is_direct_zip_experiment=1&etag=d79339c0ba2bf34a094c29b3667408c3,application/pdf,2024-10-04T02:09:59+00:00
Blank Gurdain Mobile and Section.jpg,disk:/Blank Gurdain Mobile and Section.jpg,2.67,2796695,2024-11-05 06:14:18,image,https://downloader.disk.yandex.ru/disk/3b551219971a19bdcd3d7ea1a1a0402a171b13f32d247041f1d4f6223778dc62/6a53c6b2/hDhpBaxhocr6Dbg5IBj20S3uKGCp8ilXZOJ2Wv7oEAA-WEDymoyNwFdsf1GNXmQK-x41sUfq73kRdXmKyjqrYw%3D%3D?uid=1555067240&filename=Blank%20Gurdain%20Mobile%20and%20Section.jpg&disposition=attachment&hash=&limit=0&content_type=image%2Fjpeg&owner_uid=1555067240&fsize=2796695&hid=94ea4522e0121588e0d4f792cffc7fe1&media_type=image&tknv=v3&is_direct_zip_experiment=1&etag=081eacdfea3d7d878ba22e479d4c5bf3,image/jpeg,2024-11-05T05:51:30+00:00
Module 7- Substance abuse.pdf,disk:/Downloads/Module 7- Substance abuse.pdf,0.62,651848,2024-12-18 07:18:28,document,https://downloader.disk.yandex.ru/disk/5987cc55cf97c117fae10f95ad8ae90b5abc1845e4d2d32155f8fd4da4769b4b/6a53c6b3/hDhpBaxhocr6Dbg5IBj20XBwfK9Qv70USWp447T1WITU6uRtdTrXVLrQakdLZ1xf-fsnPNpE-Mykef-S9i93sw%3D%3D?uid=1555067240&filename=Module%207-%20Substance%20abuse.pdf&disposition=attachment&hash=&limit=0&content_type=application%2Fpdf&owner_uid=1555067240&fsize=651848&hid=2f4dc96260bdd7e1e45c400cd7f9774e&media_type=document&tknv=v3&is_direct_zip_experiment=1&etag=8bddc19949e8d6cc9de7dc0e43f54cf5,application/pdf,2024-12-18T07:18:28+00:00
Module 2- Emotional Wellbeing and Mental Health.pdf,disk:/School Health Programme_ 11 Modules/Module 2- Emotional Wellbeing and Mental Health.pdf,0.75,782280,2024-12-23 09:17:37,document,https://downloader.disk.yandex.ru/disk/2f9d3f20408eae74ed0b2e648e753ef4f8f7fb6c278417d541001458343ad8b3/6a53c6b4/hDhpBaxhocr6Dbg5IBj20cX0GWdRxgGOVeZBlgJnF815jciRIXJsuXTN6C9nnkMHMykJCuq10kk7qf3r5XCcTQ%3D%3D?uid=1555067240&filename=Module%202-%20Emotional%20Wellbeing%20and%20Mental%20Health.pdf&disposition=attachment&hash=&limit=0&content_type=application%2Fpdf&owner_uid=1555067240&fsize=782280&hid=da92846f75e458d332068dd9ad374a73&media_type=document&tknv=v3&is_direct_zip_experiment=1&etag=24fd38f29bcf5c1211ae448be6b204fb,application/pdf,2024-12-23T09:17:37+00:00
Module 4- Values and Citizenship.pdf,disk:/School Health Programme_ 11 Modules/Module 4- Values and Citizenship.pdf,0.8,836162,2024-12-23 09:17:38,document,https://downloader.disk.yandex.ru/disk/e3c1951b74a5881edd9f3b204e855cacfce60142515ea33b8feb1a7cb503c7ea/6a53c6b4/hDhpBaxhocr6Dbg5IBj20ZEyaUCA339QregIHRhhaHrdDR86rUMrEcja9gFGMjWQ7FDi1v3AyZIYyLhY8UOwwQ%3D%3D?uid=1555067240&filename=Module%204-%20Values%20and%20Citizenship.pdf&disposition=attachment&hash=&limit=0&content_type=application%2Fpdf&owner_uid=1555067240&fsize=836162&hid=c49b75f3d7b9d6cf0e465aec3e9dd917&media_type=document&tknv=v3&is_direct_zip_experiment=1&etag=9ffbe9e4a60e3ccaaa0c687650d77a90,application/pdf,2024-12-23T09:17:38+00:00
Module 5- Gender equality.pdf,disk:/School Health Programme_ 11 Modules/Module 5- Gender equality.pdf,0.68,710828,2024-12-23 09:17:41,document,https://downloader.disk.yandex.ru/disk/e2d3fa0fb68efc0dffc3fc94f00fd16f6609b96989b36de3885c4ac37eabdcdc/6a53c6b5/hDhpBaxhocr6Dbg5IBj20ZC83OEzknTicE8CudBPHZIObhS2PyIgJlj8N1nZFkpq9SB99sbJdo4ccl-bigTY6A%3D%3D?uid=1555067240&filename=Module%205-%20Gender%20equality.pdf&disposition=attachment&hash=&limit=0&content_type=application%2Fpdf&owner_uid=1555067240&fsize=710828&hid=d67fd82971492405c1dbb2b8e18e04bb&media_type=document&tknv=v3&is_direct_zip_experiment=1&etag=17f758a5b439b5c8663c46d95f3521e2,application/pdf,2024-12-23T09:17:41+00:00
Module 7- Substance abuse.pdf,disk:/School Health Programme_ 11 Modules/Module 7- Substance abuse.pdf,0.62,651848,2024-12-23 09:17:42,document,https://downloader.disk.yandex.ru/disk/3ed3c6be410d2b01b5d4803ca93ee99eed2828fbc9437ee5eecd02f32c28018b/6a53c6b6/hDhpBaxhocr6Dbg5IBj20XBwfK9Qv70USWp447T1WITU6uRtdTrXVLrQakdLZ1xf-fsnPNpE-Mykef-S9i93sw%3D%3D?uid=1555067240&filename=Module%207-%20Substance%20abuse.pdf&disposition=attachment&hash=&limit=0&content_type=application%2Fpdf&owner_uid=1555067240&fsize=651848&hid=2f4dc96260bdd7e1e45c400cd7f9774e&media_type=document&tknv=v3&is_direct_zip_experiment=1&etag=8bddc19949e8d6cc9de7dc0e43f54cf5,application/pdf,2024-12-23T09:17:42+00:00
Module 1-Growing up healthy.pdf,disk:/School Health Programme_ 11 Modules/Module 1-Growing up healthy.pdf,0.92,960905,2024-12-23 09:17:45,document,https://downloader.disk.yandex.ru/disk/f466559cafd20999bd23791de51fec2e1222d8242e946472a9551b85d34db8f8/6a53c6b6/hDhpBaxhocr6Dbg5IBj20VYnZHYla5Dq4mp5n7uv97enSq9hMpsygwG7Qd6fyq9evl3eLdvH4owQsn5BvCgvmw%3D%3D?uid=1555067240&filename=Module%201-Growing%20up%20healthy.pdf&disposition=attachment&hash=&limit=0&content_type=application%2Fpdf&owner_uid=1555067240&fsize=960905&hid=9a5d791f00097c72a7d4d6e552dbf45a&media_type=document&tknv=v3&is_direct_zip_experiment=1&etag=37e32182f3b611093269bd22aa2bf69c,application/pdf,2024-12-23T09:17:45+00:00
Module 3- Interpersonal relationships.pdf,disk:/School Health Programme_ 11 Modules/Module 3- Interpersonal relationships.pdf,0.99,1035178,2024-12-23 09:17:46,document,https://downloader.disk.yandex.ru/disk/ccd751f0cfa3af7dece0a68433aa5bce9fd5446bfacd1289b817231bce1d03b8/6a53c6b7/hDhpBaxhocr6Dbg5IBj20bkd1OJpmPoWOi8kPujD4mCha7oFQO0WKESPKaKU4QHsOfGAv3w2oU82rjz6Xj9U3A%3D%3D?uid=1555067240&filename=Module%203-%20Interpersonal%20relationships.pdf&disposition=attachment&hash=&limit=0&content_type=application%2Fpdf&owner_uid=1555067240&fsize=1035178&hid=845af9e37601f62420fe066058780d6c&media_type=document&tknv=v3&is_direct_zip_experiment=1&etag=0b4ce278d143cd3cca3f1b487f66fa45,application/pdf,2024-12-23T09:17:46+00:00
Module 6- Nutrition Health and Sanitation.pdf,disk:/School Health Programme_ 11 Modules/Module 6- Nutrition Health and Sanitation.pdf,0.67,707360,2024-12-23 09:17:50,document,https://downloader.disk.yandex.ru/disk/7deb6dfab44180a1500d5ce99fecc1cc50e6ad516e98610ebb408b3b2fa36de6/6a53c6b8/hDhpBaxhocr6Dbg5IBj20T2-Z8W714wKOrsavfbnbW9LdUlL8bNEZOPl1hjiZsUv8zdmmn9xFVH72d5UzKWF8A%3D%3D?uid=1555067240&filename=Module%206-%20Nutrition%20Health%20and%20Sanitation.pdf&disposition=attachment&hash=&limit=0&content_type=application%2Fpdf&owner_uid=1555067240&fsize=707360&hid=fefb03467cf942b3ac1cc6027be22d44&media_type=document&tknv=v3&is_direct_zip_experiment=1&etag=c3388f8380fc4f1c0a706653905f31da,application/pdf,2024-12-23T09:17:50+00:00
Module 9- Reproductive Heath and HIV prevention_SC.pdf,disk:/School Health Programme_ 11 Modules/Module 9- Reproductive Heath and HIV prevention_SC.pdf,0.69,724337,2024-12-23 09:18:13,document,https://downloader.disk.yandex.ru/disk/b9701da7381e89c7cbf1826e778e4a430f60130694eedef48ba73caf9a2e6e00/6a53c6b9/hDhpBaxhocr6Dbg5IBj20W_Bu-5T4oH2gtdcu77_HYVe2nSRl8QuU7azh7MweCZlxVxJRO9nok3W21HlbXOrew%3D%3D?uid=1555067240&filename=Module%209-%20Reproductive%20Heath%20and%20HIV%20prevention_SC.pdf&disposition=attachment&hash=&limit=0&content_type=application%2Fpdf&owner_uid=1555067240&fsize=724337&hid=bfdfb0e5e6c2a492cc16eda0e42b5c56&media_type=document&tknv=v3&is_direct_zip_experiment=1&etag=08c87bfb42d8b5b49308a132e4175cb4,application/pdf,2024-12-23T09:18:13+00:00
Module 11- Promotion of safe use of Internet.pdf,disk:/School Health Programme_ 11 Modules/Module 11- Promotion of safe use of Internet.pdf,0.91,954824,2024-12-23 09:18:27,document,https://downloader.disk.yandex.ru/disk/d2149a67eaba97707796e2eb9549ffe44274d5e1fa4ac0425353701da124412a/6a53c6ba/hDhpBaxhocr6Dbg5IBj20RRg_w1FUZCozYM_lgkWRbScPxxrnOWMmrlLQyPcjeQ7PglQvjIm2rmqQicgN4ByCA%3D%3D?uid=1555067240&filename=Module%2011-%20Promotion%20of%20safe%20use%20of%20Internet.pdf&disposition=attachment&hash=&limit=0&content_type=application%2Fpdf&owner_uid=1555067240&fsize=954824&hid=d81d5aadb24e720088d9acba532b2ab1&media_type=document&tknv=v3&is_direct_zip_experiment=1&etag=14825ece40719bfe5736b3a4be1b788b,application/pdf,2024-12-23T09:18:27+00:00
Module 8 Promoting Healthy Lifestyle.pdf,disk:/School Health Programme_ 11 Modules/Module 8 Promoting Healthy Lifestyle.pdf,0.91,950749,2024-12-23 09:18:27,document,https://downloader.disk.yandex.ru/disk/f5351ad670b4b80c4552d832525f967c3757bb9aa7d3ad9d6fcf15e441185002/6a53c6ba/hDhpBaxhocr6Dbg5IBj20THp43_-GRViEOtCQcrrYF-FPEjAmCUH31_hWAStIsyfD2GgzPMd2LfgOy-itMBTCA%3D%3D?uid=1555067240&filename=Module%208%20Promoting%20Healthy%20Lifestyle.pdf&disposition=attachment&hash=&limit=0&content_type=application%2Fpdf&owner_uid=1555067240&fsize=950749&hid=8b0edce644cd7d37891c69265d0c4011&media_type=document&tknv=v3&is_direct_zip_experiment=1&etag=d99d450d112505cee5e8690227db1059,application/pdf,2024-12-23T09:18:27+00:00
Module 10-Injuries and Violence.pdf,disk:/School Health Programme_ 11 Modules/Module 10-Injuries and Violence.pdf,1.61,1693155,2024-12-23 09:18:32,document,https://downloader.disk.yandex.ru/disk/f9c97362d78ca30b947a2243ec4e73dfa4257ca29ab0482f7c471f52351614a6/6a53c6bb/hDhpBaxhocr6Dbg5IBj20Ud4qw3qq4_Q88WJGHJDkcUS5EPgTZWUOYP1V9ZLewM55UL3z38FUIVZGZRa4CPreA%3D%3D?uid=1555067240&filename=Module%2010-Injuries%20and%20Violence.pdf&disposition=attachment&hash=&limit=0&content_type=application%2Fpdf&owner_uid=1555067240&fsize=1693155&hid=aaa3cfd377435494a4cf8649d658bdad&media_type=document&tknv=v3&is_direct_zip_experiment=1&etag=cff8b828f3e88073125a73353340dedd,application/pdf,2024-12-23T09:18:32+00:00
1.PTR_Netajee_HariBhajan.pdf,disk:/🏢-🖨️/1.PTR_Netajee_HariBhajan.pdf,0.13,140706,2025-04-22 02:15:29,document,https://downloader.disk.yandex.ru/disk/b6ef5c58b436e51f13e2974dddcae7f2e01d5d09bba7127c9b0051e7c146c470/6a53c6bc/hDhpBaxhocr6Dbg5IBj20aXRJA528Km78GcAOq4RJBudVDoLY0XtHKfTS1DKQ2P0evsi4xwXsTAnR2uSAzRHTA%3D%3D?uid=1555067240&filename=1.PTR_Netajee_HariBhajan.pdf&disposition=attachment&hash=&limit=0&content_type=application%2Fpdf&owner_uid=1555067240&fsize=140706&hid=f9d05be3fc4029a955ae1cd155fda69a&media_type=document&tknv=v3&is_direct_zip_experiment=1&etag=54a778333ef7f20b8d12b87c754aa551,application/pdf,2025-03-25T05:28:21+00:00
2.Head Teacher Promotion Notice 2025.pdf,disk:/🏢-🖨️/2.Head Teacher Promotion Notice 2025.pdf,0.79,827190,2025-04-22 02:15:56,document,https://downloader.disk.yandex.ru/disk/e9f116a8ac7ef885858805e499ae93d385ae78bf355a5d002385f9aafde3986b/6a53c6bc/hDhpBaxhocr6Dbg5IBj20WjCn_d3wJjhXaDKcWgfj23AYhvEMo3YDdcKRItRZctbrWMcDKNC2_sbIoAg6a0cDw%3D%3D?uid=1555067240&filename=2.Head%20Teacher%20Promotion%20Notice%202025.pdf&disposition=attachment&hash=&limit=0&content_type=application%2Fpdf&owner_uid=1555067240&fsize=827190&hid=aacd037fd77899e4071fddbbc9a18677&media_type=document&tknv=v3&is_direct_zip_experiment=1&etag=f4de3cb832a8e2d53571201e4889da72,application/pdf,2025-04-01T10:44:13+00:00
3.Documents Submit&Signature_HT2025.pdf,disk:/🏢-🖨️/3.Documents Submit&Signature_HT2025.pdf,0.05,54107,2025-04-22 02:16:12,document,https://downloader.disk.yandex.ru/disk/b40e6c260ab84e44bc5e9991b59923496cafd98b9659418a90a0e924aedf861f/6a53c6bd/hDhpBaxhocr6Dbg5IBj20RU-RYhBnzLZYtomxVtd5CohrG6zR8YIR7iGNYL_R4Wpgtd6e9idsAjdElbOaQG01Q%3D%3D?uid=1555067240&filename=3.Documents%20Submit%26Signature_HT2025.pdf&disposition=attachment&hash=&limit=0&content_type=application%2Fpdf&owner_uid=1555067240&fsize=54107&hid=213fa2aa2d95b04028f22b27d7beae23&media_type=document&tknv=v3&is_direct_zip_experiment=1&etag=5415c6b08a9355c12bf18733a8120326,application/pdf,2025-04-03T06:12:45+00:00
4.PTR_EASTERN-GOLGHAR-RLY MAHILA.pdf,disk:/🏢-🖨️/4.PTR_EASTERN-GOLGHAR-RLY MAHILA.pdf,0.3,309480,2025-04-22 02:16:19,document,https://downloader.disk.yandex.ru/disk/bb4d66f8ae99f77879ccd77c4047428312acd788c463d695d163965445de5613/6a53c6be/hDhpBaxhocr6Dbg5IBj20QK_zldXsIM5B_BXVN1YEOEDadiTHfjcTQuXnsr7fjn0LiE7seB4jsbsuGujwFKm4g%3D%3D?uid=1555067240&filename=4.PTR_EASTERN-GOLGHAR-RLY%20MAHILA.pdf&disposition=attachment&hash=&limit=0&content_type=application%2Fpdf&owner_uid=1555067240&fsize=309480&hid=ac9d1cddaf4b19d9bee82a189c06c4f0&media_type=document&tknv=v3&is_direct_zip_experiment=1&etag=63ffd399a81a1b1b945e969217bc91ca,application/pdf,2025-04-21T00:36:59+00:00
5.IT Comparison Sheet _ SU-I.pdf,disk:/🏢-🖨️/5.IT Comparison Sheet _ SU-I.pdf,0.04,43991,2025-04-22 02:17:12,document,https://downloader.disk.yandex.ru/disk/0acae08c47fc1075c463167a9f9a689000b6280b2e195a2fd6e7d3e922233d2e/6a53c6bf/hDhpBaxhocr6Dbg5IBj20YOHeV6VkvoNnAcjRwaqI-w4Bozp721Jv9AGqcnqPhVHdH4assuRBOCgV641asaJuA%3D%3D?uid=1555067240&filename=5.IT%20Comparison%20Sheet%20_%20SU-I.pdf&disposition=attachment&hash=&limit=0&content_type=application%2Fpdf&owner_uid=1555067240&fsize=43991&hid=410148014a183f6088b9a44d567bb806&media_type=document&tknv=v3&is_direct_zip_experiment=1&etag=9d785669b198539d061824c5b0225211,application/pdf,2025-04-22T02:16:32+00:00
6. Presentation Script.pdf,disk:/🏢-🖨️/6. Presentation Script.pdf,0.06,58387,2025-04-25 07:07:48,document,https://downloader.disk.yandex.ru/disk/d66a3d6755a0d2f47b00c4cb01744ec023ddff72a65f13cc0b747478a1fa63c3/6a53c6bf/hDhpBaxhocr6Dbg5IBj20Tur-vJquep4JMdRxNuQgpFsMDBN6dQSoADxoYx2xMoKku86PU3dMKGnEz1KPLx6wQ%3D%3D?uid=1555067240&filename=6.%20Presentation%20Script.pdf&disposition=attachment&hash=&limit=0&content_type=application%2Fpdf&owner_uid=1555067240&fsize=58387&hid=147161732822a65ea415102e407cdee9&media_type=document&tknv=v3&is_direct_zip_experiment=1&etag=7cc0fe78fc1fa84a687c4759066de6fd,application/pdf,2025-04-25T07:07:13+00:00
7. Template - School Inspection - SSM 2025 Final.pdf,disk:/🏢-🖨️/7. Template - School Inspection - SSM 2025 Final.pdf,0.14,144664,2025-04-29 12:25:33,document,https://downloader.disk.yandex.ru/disk/285796f09f10962ed444f8fc0743ac769761e0d91333f1e6265d7982dee9dfbb/6a53c6c0/hDhpBaxhocr6Dbg5IBj20VXvqVErDOLlRKoZq1-rx51heQQR7cOce0Eag5NYZ817lno2_xIxLx8RPDOjSV0pPA%3D%3D?uid=1555067240&filename=7.%20Template%20-%20School%20Inspection%20-%20SSM%202025%20Final.pdf&disposition=attachment&hash=&limit=0&content_type=application%2Fpdf&owner_uid=1555067240&fsize=144664&hid=2b129f5f936baaf81007c5f3a7ff8bb5&media_type=document&tknv=v3&is_direct_zip_experiment=1&etag=a3b68bb15d1ec4cddf13c8332c0c5bcb,application/pdf,2025-04-29T12:24:54+00:00
10. 1171_DROPOUTS.pdf,disk:/🏢-🖨️/10. 1171_DROPOUTS.pdf,0.04,41879,2025-05-08 08:07:50,document,https://downloader.disk.yandex.ru/disk/00840a1af164696004508284f8eaee7b85a0be508528ef47644fe0d02ae0e491/6a53c6c1/hDhpBaxhocr6Dbg5IBj20Zz-yp372_nZxjyNeT_BCPOexTuIkR1SW8cOTfb2NGoRNDPV2C_4Iahc-SeeOCggjQ%3D%3D?uid=1555067240&filename=10.%201171_DROPOUTS.pdf&disposition=attachment&hash=&limit=0&content_type=application%2Fpdf&owner_uid=1555067240&fsize=41879&hid=a3720c5479ce8fc6a6fa726af2bf22c7&media_type=document&tknv=v3&is_direct_zip_experiment=1&etag=f5b3664454cd720d67d0f6d57262495b,application/pdf,2025-05-08T08:05:16+00:00
11. 1171_ No Report_BARDHAMAN SRI RAMAKRISHNA SARADAPITH UCHCHA VIDYALAYA.pdf,disk:/🏢-🖨️/11. 1171_ No Report_BARDHAMAN SRI RAMAKRISHNA SARADAPITH UCHCHA VIDYALAYA.pdf,0.04,39378,2025-05-08 08:19:46,document,https://downloader.disk.yandex.ru/disk/7156870f4d3014d2f0da38da3c625b7ad36d2cd4c7e859bfda3aaff6518ad39c/6a53c6c2/hDhpBaxhocr6Dbg5IBj20R5qx-Vqa33wHxloXrVR_tS5fbmEXiM4PJDJYe58VpC3easSmjie5OtTYE4WyLXr4g%3D%3D?uid=1555067240&filename=11.%201171_%20No%20Report_BARDHAMAN%20SRI%20RAMAKRISHNA%20SARADAPITH%20UCHCHA%20VIDYALAYA.pdf&disposition=attachment&hash=&limit=0&content_type=application%2Fpdf&owner_uid=1555067240&fsize=39378&hid=e30f86284f384b9ef9fd0ebf68fb7f0e&media_type=document&tknv=v3&is_direct_zip_experiment=1&etag=ae4918d0e7e3b5fb6fe4489f54ac9bc2,application/pdf,2025-05-08T08:19:36+00:00
8. Drop_outs_OOSC .pdf,disk:/🏢-🖨️/8. Drop_outs_OOSC .pdf,0.05,49490,2025-05-16 08:13:35,document,https://downloader.disk.yandex.ru/disk/53febc86341871cb23a48be732f51afa1ebeb727bce60b3670317888952fa723/6a53c6c2/hDhpBaxhocr6Dbg5IBj20d3EJfUgAd5-DzBiTueb2yQoJDkUef_KQVS1FhRs_CWkAv30-Xc4WWthhzQfGeLDxA%3D%3D?uid=1555067240&filename=8.%20Drop_outs_OOSC%20.pdf&disposition=attachment&hash=&limit=0&content_type=application%2Fpdf&owner_uid=1555067240&fsize=49490&hid=35860a64a427a107eb19e3219da010c4&media_type=document&tknv=v3&is_direct_zip_experiment=1&etag=f880d5c34fa5543c17514a5cf07651ab,application/pdf,2025-05-08T08:07:35+00:00
9. Presentation_Sadar Urban I.pdf,disk:/🏢-🖨️/9. Presentation_Sadar Urban I.pdf,0.36,378323,2025-05-16 08:13:45,document,https://downloader.disk.yandex.ru/disk/09777a2b3d2381ee44869c6d3ebfec5879df9b31c16469676915a05cd18b2572/6a53c6c3/hDhpBaxhocr6Dbg5IBj20Q52TyPlHt4xKvEj0dgU8M8UT7vh5zVGIB0ZVqKBSJVR8KBjfK14lVxsW50JZby87A%3D%3D?uid=1555067240&filename=9.%20Presentation_Sadar%20Urban%20I.pdf&disposition=attachment&hash=&limit=0&content_type=application%2Fpdf&owner_uid=1555067240&fsize=378323&hid=5a7e7416d593fe8859a4ad225b3ac494&media_type=document&tknv=v3&is_direct_zip_experiment=1&etag=9793943c3a25301446a1fbcf70c2cc4e,application/pdf,2025-05-16T08:13:08+00:00
12. HT Notice (June2025).jpg,disk:/🏢-🖨️/12. HT Notice (June2025).jpg,0.32,338744,2025-06-09 01:55:08,image,https://downloader.disk.yandex.ru/disk/66a262d55f70846e84148c8849d54c2381c16965c47492d0c4a6e6cf644ff607/6a53c6c4/hDhpBaxhocr6Dbg5IBj20RUcKtMwbu39RqMjv8EEeI19NaXOrhUJd99bL5BIVoB7HIyFV_Z2bZZMS3nIaPNX9w%3D%3D?uid=1555067240&filename=12.%20HT%20Notice%20%28June2025%29.jpg&disposition=attachment&hash=&limit=0&content_type=image%2Fjpeg&owner_uid=1555067240&fsize=338744&hid=5fbb08ac8f9e5fdf3faf96689a4bbff9&media_type=image&tknv=v3&is_direct_zip_experiment=1&etag=68e8c1f04779002be79da183aee4428f,image/jpeg,2025-06-09T01:54:41+00:00
13. Documents Submit&Signature_HT2025 (June).pdf,disk:/🏢-🖨️/13. Documents Submit&Signature_HT2025 (June).pdf,0.05,53426,2025-06-10 05:29:45,document,https://downloader.disk.yandex.ru/disk/56647621d001c6300858a6a826c77d08b2139f3870a4d15dc9d4fa14454b5595/6a53c6c4/hDhpBaxhocr6Dbg5IBj20cn0DFgELp2AiyKlC8bmL38zFWZaVsSHabgcfvhAs2SszY3stBzqFQV6Yrr9aLa52w%3D%3D?uid=1555067240&filename=13.%20Documents%20Submit%26Signature_HT2025%20%28June%29.pdf&disposition=attachment&hash=&limit=0&content_type=application%2Fpdf&owner_uid=1555067240&fsize=53426&hid=cdd0169f99dae11dfcdc3be7a10a3384&media_type=document&tknv=v3&is_direct_zip_experiment=1&etag=0b3a691c6089fd3388af3e2c27412ce8,application/pdf,2025-06-10T05:29:33+00:00
14. List B.ed Teachers.pdf,disk:/🏢-🖨️/14. List B.ed Teachers.pdf,0.28,297293,2025-06-23 01:26:27,document,https://downloader.disk.yandex.ru/disk/04046919954cb48d8a76936b1903f45a30cfd19ee90a0622805008287357de78/6a53c6c5/hDhpBaxhocr6Dbg5IBj20TfVdqBKNfV38EpM4m9xzhQGXFigaGQRGqzrKpuNM4kq593iPjHCoynIncWN3eZR6Q%3D%3D?uid=1555067240&filename=14.%20List%20B.ed%20Teachers.pdf&disposition=attachment&hash=&limit=0&content_type=application%2Fpdf&owner_uid=1555067240&fsize=297293&hid=9080e0835e2baa4c485e56ee2ed92a22&media_type=document&tknv=v3&is_direct_zip_experiment=1&etag=fe7f1f0a599eea9fdd1ee0c8d939be03,application/pdf,2025-06-23T01:26:15+00:00
15. Checking HT Applicant 2025(June).pdf,disk:/🏢-🖨️/15. Checking HT Applicant 2025(June).pdf,0.06,62783,2025-06-23 02:40:15,document,https://downloader.disk.yandex.ru/disk/66b0633fc82de60a11a43adfafee5bf99a9a0f652e0624e0e42ac43234f3a953/6a53c6c6/hDhpBaxhocr6Dbg5IBj20W4zaIYfzaSJreSEcjDq7BBzQZQkI8FXD-xxQ5HxeFf0r4fL0n7GZTwhhGQ2FpsY4Q%3D%3D?uid=1555067240&filename=15.%20Checking%20HT%20Applicant%202025%28June%29.pdf&disposition=attachment&hash=&limit=0&content_type=application%2Fpdf&owner_uid=1555067240&fsize=62783&hid=1945651b957efa1ec0b1f376ac06c321&media_type=document&tknv=v3&is_direct_zip_experiment=1&etag=e637a8e789cd39d206d756f5378048a5,application/pdf,2025-06-23T02:37:29+00:00
16. Controller Sheet_BLO.pdf,disk:/🏢-🖨️/16. Controller Sheet_BLO.pdf,0.08,85275,2025-06-25 04:02:00,document,https://downloader.disk.yandex.ru/disk/73b52354665e556c65fb65cd8e3ddfcf532add307da578f9b8fd712c6297175c/6a53c6c7/hDhpBaxhocr6Dbg5IBj20T5o-SGmkJB7_A1RC_h9Pl01BM255jbzEezUFOJO0nXHNNu8aRHcgQ7IDWvTo3YRZw%3D%3D?uid=1555067240&filename=16.%20Controller%20Sheet_BLO.pdf&disposition=attachment&hash=&limit=0&content_type=application%2Fpdf&owner_uid=1555067240&fsize=85275&hid=0721d83ddac851ce3237f4ec25b84187&media_type=document&tknv=v3&is_direct_zip_experiment=1&etag=6ef7564bfd91880afb4119df896888a8,application/pdf,2025-06-25T04:01:46+00:00
17. HT (June2025)+Panel.pdf,disk:/🏢-🖨️/17. HT (June2025)+Panel.pdf,0.46,477258,2025-06-29 03:05:20,document,https://downloader.disk.yandex.ru/disk/c0765d5fd8be6588302aa8193efcb129d4f81e7d7c2b19babd51fbe4a34837c1/6a53c6c8/hDhpBaxhocr6Dbg5IBj20VmzZQ7-pdnqo8JDVaFSE59VOjOdhXeDKnSjzNcpAwvisVFqy-jc04b67fyAeo5clA%3D%3D?uid=1555067240&filename=17.%20HT%20%28June2025%29%2BPanel.pdf&disposition=attachment&hash=&limit=0&content_type=application%2Fpdf&owner_uid=1555067240&fsize=477258&hid=319e8a9069d79ed3b866082cea87d85d&media_type=document&tknv=v3&is_direct_zip_experiment=1&etag=23257d82142cdd1daf77ea31951836c1,application/pdf,2025-06-29T03:05:10+00:00
19. HT 2025 COUNSELLING NOTICE.pdf,disk:/🏢-🖨️/19. HT 2025 COUNSELLING NOTICE.pdf,0.35,366999,2025-07-08 08:58:49,document,https://downloader.disk.yandex.ru/disk/077c4158882a4a7eadc0d589b1669d3692544698cb0b934213f71a8e3adc4630/6a53c6c8/hDhpBaxhocr6Dbg5IBj20fZbwKacYdOga0mbJ2_yVdjMWlM-qtVrxEOZPEN-DE_JjZuOY2Xt96tx-ZPllcJBbw%3D%3D?uid=1555067240&filename=19.%20HT%202025%20COUNSELLING%20NOTICE.pdf&disposition=attachment&hash=&limit=0&content_type=application%2Fpdf&owner_uid=1555067240&fsize=366999&hid=57e16b683ed9638348d9924943286f82&media_type=document&tknv=v3&is_direct_zip_experiment=1&etag=cf51da04b59422db4c9c01550ef2663f,application/pdf,2025-07-08T08:58:36+00:00
20. HT Misclassification.pdf,disk:/🏢-🖨️/20. HT Misclassification.pdf,0.36,373761,2025-07-09 10:07:20,document,https://downloader.disk.yandex.ru/disk/5bb3fe01281819055d348c0dce6937a1f471086e8182e5ce9ff4b60bc00cf97a/6a53c6c9/hDhpBaxhocr6Dbg5IBj20d1gVZue2_CIg7t7wwUUc97G-m_J3hWAs_0nwYMqzjLQ_-kUlAaSTxkZy852ymI7Aw%3D%3D?uid=1555067240&filename=20.%20HT%20Misclassification.pdf&disposition=attachment&hash=&limit=0&content_type=application%2Fpdf&owner_uid=1555067240&fsize=373761&hid=f0bb43149d0f252e6893b90c2de1a104&media_type=document&tknv=v3&is_direct_zip_experiment=1&etag=f0307226932483f29e1a38e68c94c12e,application/pdf,2025-07-09T10:07:05+00:00
21. Palash Chowdhury_Appraisal.pdf,disk:/🏢-🖨️/21. Palash Chowdhury_Appraisal.pdf,0.81,853663,2025-07-13 03:25:53,document,https://downloader.disk.yandex.ru/disk/2954043281e68328271cd7652b8e4ee7a3f403580dd2c4162205fd2cfda8d0eb/6a53c6ca/hDhpBaxhocr6Dbg5IBj20dLC-TszA7B0F21PA8d24hVwAg_i71A7QWdFGq6Zu5yHfgvuRF-EJ6mmwlOxIKckXw%3D%3D?uid=1555067240&filename=21.%20Palash%20Chowdhury_Appraisal.pdf&disposition=attachment&hash=&limit=0&content_type=application%2Fpdf&owner_uid=1555067240&fsize=853663&hid=2ad12716bba43d5be694afcd23c8490c&media_type=document&tknv=v3&is_direct_zip_experiment=1&etag=bf71ef1d7ae808fbcd95af0a8f2a0011,application/pdf,2025-07-13T03:25:32+00:00
22. Pay Fixation 2025.pdf,disk:/🏢-🖨️/22. Pay Fixation 2025.pdf,0.44,465068,2025-07-16 10:22:49,document,https://downloader.disk.yandex.ru/disk/fb5ccee5850f92e407ff133bd71d0577aadc433579a89fbe123ac7275523c344/6a53c6ca/hDhpBaxhocr6Dbg5IBj20RYl2gWuZ-wqILiSdISWEo_TLc7BRKhkXv1Ly_Fe4of-Is64BNqPImchdB9Ou7SaVA%3D%3D?uid=1555067240&filename=22.%20Pay%20Fixation%202025.pdf&disposition=attachment&hash=&limit=0&content_type=application%2Fpdf&owner_uid=1555067240&fsize=465068&hid=6a4aa6449c7179da141f63b7e11b40bf&media_type=document&tknv=v3&is_direct_zip_experiment=1&etag=ae0dfdce4c2498ce35378cf059c7605e,application/pdf,2025-07-16T10:22:30+00:00
23. Dpsc Report | SUNANDA DAS.pdf,disk:/🏢-🖨️/23. Dpsc Report | SUNANDA DAS.pdf,0.55,571518,2025-07-18 07:56:42,document,https://downloader.disk.yandex.ru/disk/7ae1ee564f8849914388ff8886d73c62cd13a5beee5df856012213078fb5e17f/6a53c6cb/hDhpBaxhocr6Dbg5IBj20aB2AnZLbffVWeaJu_MOgxwIgY-l5exyuMX3iDJ1JCPi4YWNY6ylT6dgUcMHvzoTRw%3D%3D?uid=1555067240&filename=23.%20Dpsc%20Report%20%7C%20SUNANDA%20DAS.pdf&disposition=attachment&hash=&limit=0&content_type=application%2Fpdf&owner_uid=1555067240&fsize=571518&hid=1728a0fab292a083e80555b1d1d25562&media_type=document&tknv=v3&is_direct_zip_experiment=1&etag=67c4a2ccb4d6b428ff5ac171b88a089d,application/pdf,2025-07-18T07:56:32+00:00
24. Shoe Requisition.pdf,disk:/🏢-🖨️/24. Shoe Requisition.pdf,0.03,34521,2025-07-21 01:10:20,document,https://downloader.disk.yandex.ru/disk/2bee4ec751d8b068945624ba616a531906659787a22fa755e9dea5b32f803546/6a53c6cc/hDhpBaxhocr6Dbg5IBj20cRGWfyUxaxzny936TyO0rEn0YcytshVIFSTpYHPxlBiz2b2a4XJf6RYtXaoNWy4Zg%3D%3D?uid=1555067240&filename=24.%20Shoe%20Requisition.pdf&disposition=attachment&hash=&limit=0&content_type=application%2Fpdf&owner_uid=1555067240&fsize=34521&hid=6695f81a58ccc3c1e5d3918d6c3c8e4a&media_type=document&tknv=v3&is_direct_zip_experiment=1&etag=2e8583782e6c4503fe1309f9748f5781,application/pdf,2025-07-21T01:09:55+00:00
24. Shoe Requisition.pdf,disk:/24. Shoe Requisition.pdf,0.16,172987,2025-07-21 02:17:26,document,https://downloader.disk.yandex.ru/disk/2335e1f271530cd5fd51750c766df2f8b31254f2b6a2c473f05b90189bb1c9e7/6a53c6cc/hDhpBaxhocr6Dbg5IBj20RuFrPjJ3Vuw1wVJU4z-YAHHTEjbCx42RBRmwFlZzdd0m35EC2fAgrkN02tQ0vaRmA%3D%3D?uid=1555067240&filename=24.%20Shoe%20Requisition.pdf&disposition=attachment&hash=&limit=0&content_type=application%2Fpdf&owner_uid=1555067240&fsize=172987&hid=cffa45266803b3c50c09c66b79de38bb&media_type=document&tknv=v3&is_direct_zip_experiment=1&etag=e0d954285cbca32883856d3551dea1ae,application/pdf,2025-07-21T02:17:26+00:00
25. NETAJEE HINDI F.P. SCHOOL_ Enrol till 23JULY25.pdf,disk:/🏢-🖨️/25. NETAJEE HINDI F.P. SCHOOL_ Enrol till 23JULY25.pdf,0.04,42887,2025-07-23 09:00:34,document,https://downloader.disk.yandex.ru/disk/454a5cac70f9ad10fbe4d3ef4b18c1e2ea99eca9eda42639c5ab88188c825286/6a53c6cd/hDhpBaxhocr6Dbg5IBj20bsvfxpVbMjsByq4UnJvKJLxAmrIbijjX02kBMqj7YomaEHkMc4AIW0UqRJaWtnLzQ%3D%3D?uid=1555067240&filename=25.%20NETAJEE%20HINDI%20F.P.%20SCHOOL_%20Enrol%20till%2023JULY25.pdf&disposition=attachment&hash=&limit=0&content_type=application%2Fpdf&owner_uid=1555067240&fsize=42887&hid=df5ba957b48f974c1402f31debef473c&media_type=document&tknv=v3&is_direct_zip_experiment=1&etag=175b5df923bdeabbdde0c999a83aff3b,application/pdf,2025-07-23T08:59:39+00:00
26. Mamta Kumari_Neetaji FP School.pdf,disk:/🏢-🖨️/26. Mamta Kumari_Neetaji FP School.pdf,0.29,299489,2025-07-29 02:48:49,document,https://downloader.disk.yandex.ru/disk/8d16afaea1a612b52d9268763f9397b14c77417c359e15dc5ce1b3a68a594f87/6a53c6ce/hDhpBaxhocr6Dbg5IBj20fIuK3f7t5dsaRjopYJcN5zoUDDAI7_zHw30Dyd45L-1cTarFDyXpuUDBOKFdKCUIw%3D%3D?uid=1555067240&filename=26.%20Mamta%20Kumari_Neetaji%20FP%20School.pdf&disposition=attachment&hash=&limit=0&content_type=application%2Fpdf&owner_uid=1555067240&fsize=299489&hid=5c726a0afc8087c0234bbfdd6943717f&media_type=document&tknv=v3&is_direct_zip_experiment=1&etag=da54ba3d7dab43d8543948c1d76e3f1f,application/pdf,2025-07-29T02:48:36+00:00
27.Prerequisite(HT).pdf,disk:/🏢-🖨️/27.Prerequisite(HT).pdf,0.24,248641,2025-08-10 13:36:41,document,https://downloader.disk.yandex.ru/disk/f28929aa5f70c21c936db69d18ced7138fa40304061d1dc3259cc72b2e16b23f/6a53c6ce/hDhpBaxhocr6Dbg5IBj20SgA8eIJ105uFBG1C5P9jj5G4-oQBpjza0uJcz3vJoVBC6T8k2eeBfY4-wZ0IOcwyw%3D%3D?uid=1555067240&filename=27.Prerequisite%28HT%29.pdf&disposition=attachment&hash=&limit=0&content_type=application%2Fpdf&owner_uid=1555067240&fsize=248641&hid=e82e86331910e1653a2e41b29f126bf6&media_type=document&tknv=v3&is_direct_zip_experiment=1&etag=96aa8b28a73fba55b272e6c85c35ceb8,application/pdf,2025-08-10T13:36:22+00:00
28. HT 2025 COUNSELLING PREFERENCE.pdf,disk:/🏢-🖨️/28. HT 2025 COUNSELLING PREFERENCE.pdf,0.28,296412,2025-08-11 10:06:55,document,https://downloader.disk.yandex.ru/disk/192e40f0c1eade05d5bddda5d319d0a52e175c92dfaeee7641600e1795318ab5/6a53c6cf/hDhpBaxhocr6Dbg5IBj20T4hDwtE-tm80jEvG7qZrKzk83qrJ_B99R4EMCBZQgTycV4AdEbuw9yOMQaZuhotQQ%3D%3D?uid=1555067240&filename=28.%20HT%202025%20COUNSELLING%20PREFERENCE.pdf&disposition=attachment&hash=&limit=0&content_type=application%2Fpdf&owner_uid=1555067240&fsize=296412&hid=6807f215e099343741cbc4195ad0dc43&media_type=document&tknv=v3&is_direct_zip_experiment=1&etag=ba8ceaacfe61cf11d0fa425c3e5cba55,application/pdf,2025-08-11T10:06:47+00:00
29. Academic Excellency SDO.pdf,disk:/🏢-🖨️/29. Academic Excellency SDO.pdf,0.53,554798,2025-08-17 08:23:22,document,https://downloader.disk.yandex.ru/disk/bcfe4fb53287ae7e7e398cba6a45c67b51cafcd9ef451674da0870a5e230e1b3/6a53c6d0/hDhpBaxhocr6Dbg5IBj20fYkFNy7y5HwIhgMMxxYZxVf264a2esKX5vIXDxK0ATTdtzm2ZodYOUr7ClAiNpWIA%3D%3D?uid=1555067240&filename=29.%20Academic%20Excellency%20SDO.pdf&disposition=attachment&hash=&limit=0&content_type=application%2Fpdf&owner_uid=1555067240&fsize=554798&hid=8d246618cbb77b5131a8bf7b70f7493a&media_type=document&tknv=v3&is_direct_zip_experiment=1&etag=f57adf4447f96d3644f3eee7efba1725,application/pdf,2025-08-11T11:14:50+00:00
30. HT_Release Order & Joining Report.pdf,disk:/🏢-🖨️/30. HT_Release Order & Joining Report.pdf,0.14,148886,2025-08-17 08:24:44,document,https://downloader.disk.yandex.ru/disk/8f4c295ac269afea931fc46b88f63b1dbf57afbc6ebbca9be1ea42f65622c2e0/6a53c6d1/hDhpBaxhocr6Dbg5IBj20QRhufkKQLlbVHOQV6mJaMnhzr-ykeQ6vZ6YMClfnSn2H9zlx-ZY0Lf26_AWkkNdnw%3D%3D?uid=1555067240&filename=30.%20HT_Release%20Order%20%26%20Joining%20Report.pdf&disposition=attachment&hash=&limit=0&content_type=application%2Fpdf&owner_uid=1555067240&fsize=148886&hid=358d069c2228f4d5182b6fa7d1da419a&media_type=document&tknv=v3&is_direct_zip_experiment=1&etag=2ba5aaa0527b20963e549b89a17d55b1,application/pdf,2025-08-17T08:23:44+00:00
31. Mamta Kumari to DPSC.pdf,disk:/🏢-🖨️/31. Mamta Kumari to DPSC.pdf,0.29,302237,2025-08-24 14:27:20,document,https://downloader.disk.yandex.ru/disk/79b2e1193e5970e862a61358c7c1842070844f0a8e9d0cefe3009788ba760c20/6a53c6d1/hDhpBaxhocr6Dbg5IBj20bgDio3u2-3BbDXZrXTNfhIlkCF2S84pR-e6kvCLE_s7TbuAi5fXlNNj6cn_JmLJaQ%3D%3D?uid=1555067240&filename=31.%20Mamta%20Kumari%20to%20DPSC.pdf&disposition=attachment&hash=&limit=0&content_type=application%2Fpdf&owner_uid=1555067240&fsize=302237&hid=613e7bf096f181dd5fc68cec2ce0735d&media_type=document&tknv=v3&is_direct_zip_experiment=1&etag=aa65064009c5ac61eed4aae53e412a66,application/pdf,2025-08-24T14:27:07+00:00
18. Pension Documents Check List.pdf,disk:/🏢-🖨️/18. Pension Documents Check List.pdf,0.02,18121,2025-08-29 03:46:57,document,https://downloader.disk.yandex.ru/disk/23dd5f085ab0cd7bdbb59512b4d056f1970a6ad45711a08e2af9206581add925/6a53c6d2/hDhpBaxhocr6Dbg5IBj20Y4Zje-toUwiHKMSnXABrFuw2iMRtR6eiru96OB6_2mPyNmCSnCc06OnLFBJUIuOJA%3D%3D?uid=1555067240&filename=18.%20Pension%20Documents%20Check%20List.pdf&disposition=attachment&hash=&limit=0&content_type=application%2Fpdf&owner_uid=1555067240&fsize=18121&hid=56fd0953df1458758b2a0164aeba38d6&media_type=document&tknv=v3&is_direct_zip_experiment=1&etag=14b6726ed99f118b946485c7f4f63aa3,application/pdf,2025-08-29T03:46:50+00:00
VIVEKANANDA BALIKA VIDYALAYA_URBAN1_COMMUNITY OUTREACH DAY.jpg,disk:/Swacchata Pakkhara 2025/VIVEKANANDA BALIKA VIDYALAYA_URBAN1_COMMUNITY OUTREACH DAY.jpg,0.23,244160,2025-09-26 15:12:19,image,https://downloader.disk.yandex.ru/disk/39a0f5fbaaa57d8e2fa20c950db98900c92d14fc28840be7b2f9ca129a01fe8d/6a53c6d3/hDhpBaxhocr6Dbg5IBj20WdJR0zM6_ke_xS1hLDjdbu8_RTHa-funCpuDWUHtl-m6Bdjz7QK_glIQ9F2RoHbdw%3D%3D?uid=1555067240&filename=VIVEKANANDA%20BALIKA%20VIDYALAYA_URBAN1_COMMUNITY%20OUTREACH%20DAY.jpg&disposition=attachment&hash=&limit=0&content_type=image%2Fjpeg&owner_uid=1555067240&fsize=244160&hid=33e4ba9ea591a5fe321f773a90f1eaed&media_type=image&tknv=v3&is_direct_zip_experiment=1&etag=8ad7bd0ead51b448aee070f8076dd190,image/jpeg,2025-09-26T15:12:19+00:00
VIVEKANANDA BALIKA VIDYALAYA_URBAN1_COMMUNITY OUTREACH DAY(1).jpg,disk:/Swacchata Pakkhara 2025/VIVEKANANDA BALIKA VIDYALAYA_URBAN1_COMMUNITY OUTREACH DAY(1).jpg,0.21,215784,2025-09-26 15:13:17,image,https://downloader.disk.yandex.ru/disk/d38705c9442520b79c1013db2b128f8ab8aa3a787ad2eb9fba4bddbfa8d5fdbe/6a53c6d4/hDhpBaxhocr6Dbg5IBj20ettTdACdHKQQkKQ6AWEdqoq3v52rNRMumH1PoQzZyjT5joOioxLTUpD6br_sYOBSg%3D%3D?uid=1555067240&filename=VIVEKANANDA%20BALIKA%20VIDYALAYA_URBAN1_COMMUNITY%20OUTREACH%20DAY%281%29.jpg&disposition=attachment&hash=&limit=0&content_type=image%2Fjpeg&owner_uid=1555067240&fsize=215784&hid=08600f63cccc899b93ae859fbdce0eb0&media_type=image&tknv=v3&is_direct_zip_experiment=1&etag=ac4d7b29c58eb0ec9f9eec860af14a47,image/jpeg,2025-09-26T15:13:17+00:00
VIVEKANANDA BALIKA VIDYALAYA_URBAN1_AWARENESS DAY.jpg,disk:/Swacchata Pakkhara 2025/VIVEKANANDA BALIKA VIDYALAYA_URBAN1_AWARENESS DAY.jpg,1.56,1639078,2025-09-26 15:13:26,image,https://downloader.disk.yandex.ru/disk/0cccda3b40ba1f44bb81b82ba6eb690947f6762747218d31e99a07df0068e28a/6a53c6d4/hDhpBaxhocr6Dbg5IBj20Y55RlPWqfUhn6tW2Xk270bPTkJDn9ZHACb80ss4Rvmyx4P2Pn5c4gVrrnSrfy_kOQ%3D%3D?uid=1555067240&filename=VIVEKANANDA%20BALIKA%20VIDYALAYA_URBAN1_AWARENESS%20DAY.jpg&disposition=attachment&hash=&limit=0&content_type=image%2Fjpeg&owner_uid=1555067240&fsize=1639078&hid=ac5beb903e4b2f668d789a5395f0092f&media_type=image&tknv=v3&is_direct_zip_experiment=1&etag=52c800b04f93dab43cad0eb939ef0382,image/jpeg,2025-09-26T15:13:26+00:00
VIVEKANANDA BALIKA VIDYALAYA_URBAN1_AWARENESS DAY(1).jpg,disk:/Swacchata Pakkhara 2025/VIVEKANANDA BALIKA VIDYALAYA_URBAN1_AWARENESS DAY(1).jpg,2.19,2300384,2025-09-26 15:13:35,image,https://downloader.disk.yandex.ru/disk/f99091591708c516fdf974add5a057d8aec8e235268292c980662218e6e82488/6a53c6d5/hDhpBaxhocr6Dbg5IBj20W-VKOGPn9rp5_Je7JOrKhQWZVVjza3-9UJmkK-D9oNOLNFQiblln8JnRMOZXIPrVQ%3D%3D?uid=1555067240&filename=VIVEKANANDA%20BALIKA%20VIDYALAYA_URBAN1_AWARENESS%20DAY%281%29.jpg&disposition=attachment&hash=&limit=0&content_type=image%2Fjpeg&owner_uid=1555067240&fsize=2300384&hid=446eb81bfcf61c448ce0de0110d7e4fc&media_type=image&tknv=v3&is_direct_zip_experiment=1&etag=c78024489591a81b375cc51d0592b68d,image/jpeg,2025-09-26T15:13:35+00:00
VIVEKANANDA BALIKA VIDYALAYA_URBAN1_DAY1(1).jpg,disk:/Swacchata Pakkhara 2025/VIVEKANANDA BALIKA VIDYALAYA_URBAN1_DAY1(1).jpg,2.11,2216712,2025-09-26 15:13:35,image,https://downloader.disk.yandex.ru/disk/50a96838df58ebfb87e442eb96109d71f266635577251999f0f960b813eba141/6a53c6d6/hDhpBaxhocr6Dbg5IBj20Z3RxjtOIRBQh3Ks68yxHe3KtjDg66TfMug2vvVsKGdgJstXP0WrDeVo-_45UpGgnA%3D%3D?uid=1555067240&filename=VIVEKANANDA%20BALIKA%20VIDYALAYA_URBAN1_DAY1%281%29.jpg&disposition=attachment&hash=&limit=0&content_type=image%2Fjpeg&owner_uid=1555067240&fsize=2216712&hid=fed92d0aa11470462820a69adaccf259&media_type=image&tknv=v3&is_direct_zip_experiment=1&etag=29a6fe146162c067db1b540e4a9e7376,image/jpeg,2025-09-26T15:13:35+00:00
VIVEKANANDA BALIKA VIDYALAYA_URBAN1_DAY1.jpg,disk:/Swacchata Pakkhara 2025/VIVEKANANDA BALIKA VIDYALAYA_URBAN1_DAY1.jpg,2.13,2229389,2025-09-26 15:13:41,image,https://downloader.disk.yandex.ru/disk/b779b48d42fdbd790d7fe383fb78f3056c991318f97228a5c52ccf37fb70b870/6a53c6d7/hDhpBaxhocr6Dbg5IBj20WeOY6e1Aj2A07pZeunVkGULTSQkzXYOX0C7DM0B7cZSdkhge3w_KqOUALR_2DbKRw%3D%3D?uid=1555067240&filename=VIVEKANANDA%20BALIKA%20VIDYALAYA_URBAN1_DAY1.jpg&disposition=attachment&hash=&limit=0&content_type=image%2Fjpeg&owner_uid=1555067240&fsize=2229389&hid=7e113ebebecd9341ca6c867916989eb4&media_type=image&tknv=v3&is_direct_zip_experiment=1&etag=0ee1d33a786e260a102514c74628a62a,image/jpeg,2025-09-26T15:13:41+00:00
VIVEKANANDA BALIKA VIDYALAYA_URBAN1_COMMUNITY OUTREACH DAY(3).jpg,disk:/Swacchata Pakkhara 2025/VIVEKANANDA BALIKA VIDYALAYA_URBAN1_COMMUNITY OUTREACH DAY(3).jpg,0.23,239275,2025-09-26 15:13:43,image,https://downloader.disk.yandex.ru/disk/015b39850ad1bbaab5aa06e1dc63e9ebfaf97f129f1fd6ca5fc0af9f400071b0/6a53c6d7/hDhpBaxhocr6Dbg5IBj20Vipk4Jw1LhdN0_RHfwE6Lk5puJJOi6XubCm6sJs_6Cn3jViYj_Kz69xLVso5JMYkQ%3D%3D?uid=1555067240&filename=VIVEKANANDA%20BALIKA%20VIDYALAYA_URBAN1_COMMUNITY%20OUTREACH%20DAY%283%29.jpg&disposition=attachment&hash=&limit=0&content_type=image%2Fjpeg&owner_uid=1555067240&fsize=239275&hid=7b7df913b25791ae5f38b9c4bb0760d2&media_type=image&tknv=v3&is_direct_zip_experiment=1&etag=59728b4e615376f30ea26d87b9b3cf0c,image/jpeg,2025-09-26T15:13:43+00:00
VIVEKANANDA BALIKA VIDYALAYA_URBAN1_EXHIBITION DAY.jpg,disk:/Swacchata Pakkhara 2025/VIVEKANANDA BALIKA VIDYALAYA_URBAN1_EXHIBITION DAY.jpg,2.07,2174408,2025-09-26 15:13:44,image,https://downloader.disk.yandex.ru/disk/9d1fa6e778cd06e48c9a75af4b43bc1b39f604316b5bbf4ec249049244887e0e/6a53c6d8/hDhpBaxhocr6Dbg5IBj20Y1oHDR3qGv0AOjfFNfiar-LyzMSU0QzRtjjbFMfBUy_1Xc-Ca_WNZwd4PzYQ7KWUw%3D%3D?uid=1555067240&filename=VIVEKANANDA%20BALIKA%20VIDYALAYA_URBAN1_EXHIBITION%20DAY.jpg&disposition=attachment&hash=&limit=0&content_type=image%2Fjpeg&owner_uid=1555067240&fsize=2174408&hid=dbffb6c4644f7678add7ac895fb19799&media_type=image&tknv=v3&is_direct_zip_experiment=1&etag=9439a2030fcfad2d16baee6b53c8b08e,image/jpeg,2025-09-26T15:13:44+00:00
VIVEKANANDA BALIKA VIDYALAYA_URBAN1_HAND WASH DAY.jpg,disk:/Swacchata Pakkhara 2025/VIVEKANANDA BALIKA VIDYALAYA_URBAN1_HAND WASH DAY.jpg,0.14,150094,2025-09-26 15:13:54,image,https://downloader.disk.yandex.ru/disk/bd785ce92aa7dc4e124c7c62c68d5b5569025e73f5ce57910b9cff3f6feead83/6a53c6d9/hDhpBaxhocr6Dbg5IBj20WbcujbHvGgQD8t_MY7eVKDsYqN2m-fgP24vnvNbcjraBtCAjP8Xzt3GQcOcyUTdGg%3D%3D?uid=1555067240&filename=VIVEKANANDA%20BALIKA%20VIDYALAYA_URBAN1_HAND%20WASH%20DAY.jpg&disposition=attachment&hash=&limit=0&content_type=image%2Fjpeg&owner_uid=1555067240&fsize=150094&hid=d0d0747cd18e99361795c8dc21e5b73b&media_type=image&tknv=v3&is_direct_zip_experiment=1&etag=c03e0d2af4301fd4d47bbb326fb938d8,image/jpeg,2025-09-26T15:13:54+00:00
VIVEKANANDA BALIKA VIDYALAYA_URBAN1_PARTICIPATION DAY.jpg,disk:/Swacchata Pakkhara 2025/VIVEKANANDA BALIKA VIDYALAYA_URBAN1_PARTICIPATION DAY.jpg,0.13,138420,2025-09-26 15:13:54,image,https://downloader.disk.yandex.ru/disk/133b3e54d75bd4e2d2f928266f1dc92e106c56c4672e05c80c40fed8aee93e74/6a53c6da/hDhpBaxhocr6Dbg5IBj20ZeAH--YbuKq3pSYzvlwaAmI-o3Wu1EUb1MqmDDJTDD22TlDotZcVojV8G0ooM5U4Q%3D%3D?uid=1555067240&filename=VIVEKANANDA%20BALIKA%20VIDYALAYA_URBAN1_PARTICIPATION%20DAY.jpg&disposition=attachment&hash=&limit=0&content_type=image%2Fjpeg&owner_uid=1555067240&fsize=138420&hid=f5ad44b83a73703dd3d43617ac25f6dc&media_type=image&tknv=v3&is_direct_zip_experiment=1&etag=1e0ad8d5216b4ae7fa4595a6f9b0fc22,image/jpeg,2025-09-26T15:13:54+00:00
VIVEKANANDA BALIKA VIDYALAYA_URBAN1_GREEN DRIVE DAY.jpg,disk:/Swacchata Pakkhara 2025/VIVEKANANDA BALIKA VIDYALAYA_URBAN1_GREEN DRIVE DAY.jpg,0.91,955861,2025-09-26 15:14:02,image,https://downloader.disk.yandex.ru/disk/380036ed60449bbe1ff88d37978c6d746de5a984f9e24e820c38e59a4dd28cd0/6a53c6db/hDhpBaxhocr6Dbg5IBj20YduXbnSd8PBT5oc-v4LrvWVIPpsFv6oIUiUWuftfGYcV7FhVcQNfdZ8xJytoxdsXQ%3D%3D?uid=1555067240&filename=VIVEKANANDA%20BALIKA%20VIDYALAYA_URBAN1_GREEN%20DRIVE%20DAY.jpg&disposition=attachment&hash=&limit=0&content_type=image%2Fjpeg&owner_uid=1555067240&fsize=955861&hid=3e6a064bc66376c5a1a9432ad41d5340&media_type=image&tknv=v3&is_direct_zip_experiment=1&etag=df23d6dbded2385aaa019f2408315a3a,image/jpeg,2025-09-26T15:14:02+00:00
VIVEKANANDA BALIKA VIDYALAYA_URBAN1_PARTICIPATION DAY (1).jpg,disk:/Swacchata Pakkhara 2025/VIVEKANANDA BALIKA VIDYALAYA_URBAN1_PARTICIPATION DAY (1).jpg,0.14,144709,2025-09-26 15:14:04,image,https://downloader.disk.yandex.ru/disk/ce988cac51e25e8e98c2dfb56fd3f50d1dd41b51d59c722178d78c1253c33a28/6a53c6db/hDhpBaxhocr6Dbg5IBj20R0hMVyaSpBKXaNVhsp7a0_YUVdUBEF7OW0r4Qwrb-23yLq-1m0F0hsnq9sGtX5ujw%3D%3D?uid=1555067240&filename=VIVEKANANDA%20BALIKA%20VIDYALAYA_URBAN1_PARTICIPATION%20DAY%20%281%29.jpg&disposition=attachment&hash=&limit=0&content_type=image%2Fjpeg&owner_uid=1555067240&fsize=144709&hid=09eca2d486f78d0c7a1a2422a8040f5f&media_type=image&tknv=v3&is_direct_zip_experiment=1&etag=d01088e1b1a78df46516792a16bca616,image/jpeg,2025-09-26T15:14:04+00:00
VIVEKANANDA BALIKA VIDYALAYA_URBAN1_PERSONAL HYGIENE DAY.jpg,disk:/Swacchata Pakkhara 2025/VIVEKANANDA BALIKA VIDYALAYA_URBAN1_PERSONAL HYGIENE DAY.jpg,0.1,104474,2025-09-26 15:14:04,image,https://downloader.disk.yandex.ru/disk/3477279d7334539c740ac55fb737c60cd61231d83bbde36e5582e89a7b149136/6a53c6dc/hDhpBaxhocr6Dbg5IBj20Z2COwz5nMKE8CYIncasZaYlXR3Bpt1me9wZ-OASqtd6SYc4qj65C0Xi4avJnC8Dow%3D%3D?uid=1555067240&filename=VIVEKANANDA%20BALIKA%20VIDYALAYA_URBAN1_PERSONAL%20HYGIENE%20DAY.jpg&disposition=attachment&hash=&limit=0&content_type=image%2Fjpeg&owner_uid=1555067240&fsize=104474&hid=a3091c486f4eb847c923b2cfa8182c6c&media_type=image&tknv=v3&is_direct_zip_experiment=1&etag=2249f5a107c1d2d67513974b7f10c454,image/jpeg,2025-09-26T15:14:04+00:00
VIVEKANANDA BALIKA VIDYALAYA_URBAN1_HAND WASH DAY(1).jpg,disk:/Swacchata Pakkhara 2025/VIVEKANANDA BALIKA VIDYALAYA_URBAN1_HAND WASH DAY(1).jpg,0.09,98956,2025-09-26 15:14:21,image,https://downloader.disk.yandex.ru/disk/6c6d4d76533de3f7312228fe9ba1eb24ec189a832eddc8432fe5af4efd9cba0e/6a53c6dd/hDhpBaxhocr6Dbg5IBj20YSt9EQeWr2eIiuTvOtdBkvM2TE37UrbI-bZF55NOJ-4YxydW3gjlIp-yTod_PORDA%3D%3D?uid=1555067240&filename=VIVEKANANDA%20BALIKA%20VIDYALAYA_URBAN1_HAND%20WASH%20DAY%281%29.jpg&disposition=attachment&hash=&limit=0&content_type=image%2Fjpeg&owner_uid=1555067240&fsize=98956&hid=95392df3c35646a664fbf1b7714f3966&media_type=image&tknv=v3&is_direct_zip_experiment=1&etag=a3dc9cafc5efa37f5374ba29785a5baa,image/jpeg,2025-09-26T15:14:21+00:00
BURDWAN HARISAVA HINDU GIRLS' HIGH SCHOOL (MORNING)_URBAN1_ACTION PLAN DAY(1).jpeg,disk:/Swacchata Pakkhara 2025/BURDWAN HARISAVA HINDU GIRLS' HIGH SCHOOL (MORNING)_URBAN1_ACTION PLAN DAY(1).jpeg,0.05,51255,2025-09-26 15:14:23,image,https://downloader.disk.yandex.ru/disk/4c06ebc9b75356a2b788bab3d1a10833c124772ce5df059caa51197d5bbf7275/6a53c6de/hDhpBaxhocr6Dbg5IBj20SsQMk-vp0a-G1RtcffGvtQx6MegfKWEZqcxupeMXro3AzhvIYbdEA4UHomds5SmSg%3D%3D?uid=1555067240&filename=BURDWAN%20HARISAVA%20HINDU%20GIRLS%27%20HIGH%20SCHOOL%20%28MORNING%29_URBAN1_ACTION%20PLAN%20DAY%281%29.jpeg&disposition=attachment&hash=&limit=0&content_type=image%2Fjpeg&owner_uid=1555067240&fsize=51255&hid=66a40a4703b746add8532c06a48d49ec&media_type=image&tknv=v3&is_direct_zip_experiment=1&etag=c12439564a8f3cd2f05d2a3b27efbdc5,image/jpeg,2025-09-26T15:14:23+00:00
VIVEKANANDA BALIKA VIDYALAYA_URBAN1_GREEN DRIVE DAY(1).jpg,disk:/Swacchata Pakkhara 2025/VIVEKANANDA BALIKA VIDYALAYA_URBAN1_GREEN DRIVE DAY(1).jpg,1.07,1121942,2025-09-26 15:14:23,image,https://downloader.disk.yandex.ru/disk/99c56b21b7cbad43d6db33065305ed3d9e237f3b577dcac400e3d806e9359ed6/6a53c6de/hDhpBaxhocr6Dbg5IBj20XW4edAzehLlkkbO9Doiov9LLkxozRHVc2-ol9a2pXYjl6UFZwJgrKaxd75KIO8chQ%3D%3D?uid=1555067240&filename=VIVEKANANDA%20BALIKA%20VIDYALAYA_URBAN1_GREEN%20DRIVE%20DAY%281%29.jpg&disposition=attachment&hash=&limit=0&content_type=image%2Fjpeg&owner_uid=1555067240&fsize=1121942&hid=d51df1b9b602bd74e8ce7876ae51d044&media_type=image&tknv=v3&is_direct_zip_experiment=1&etag=936e685c3054b0bf0427f72d69789e2b,image/jpeg,2025-09-26T15:14:23+00:00
BURDWAN HARISAVA HINDU GIRLS' HIGH SCHOOL (MORNING)_URBAN1_ACTION PLAN DAY.jpeg,disk:/Swacchata Pakkhara 2025/BURDWAN HARISAVA HINDU GIRLS' HIGH SCHOOL (MORNING)_URBAN1_ACTION PLAN DAY.jpeg,0.05,52739,2025-09-26 15:14:24,image,https://downloader.disk.yandex.ru/disk/08e6ad7cd11359072c6266ca908f51b1e326dd4d6c696fd317c83930e51ed6db/6a53c6df/hDhpBaxhocr6Dbg5IBj20UNWESrd07jHlvZML9c4edlrRnm2BYaGZSB59fWmSf3_QASJZg21BpyCwi2x4UivVA%3D%3D?uid=1555067240&filename=BURDWAN%20HARISAVA%20HINDU%20GIRLS%27%20HIGH%20SCHOOL%20%28MORNING%29_URBAN1_ACTION%20PLAN%20DAY.jpeg&disposition=attachment&hash=&limit=0&content_type=image%2Fjpeg&owner_uid=1555067240&fsize=52739&hid=1e7c34fc897d39d7b40e605d09039ec0&media_type=image&tknv=v3&is_direct_zip_experiment=1&etag=28afcb3134b87bf657f5c5653d785843,image/jpeg,2025-09-26T15:14:24+00:00
VIVEKANANDA BALIKA VIDYALAYA_URBAN1_COMMUNITY OUTREACH DAY(4).jpg,disk:/Swacchata Pakkhara 2025/VIVEKANANDA BALIKA VIDYALAYA_URBAN1_COMMUNITY OUTREACH DAY(4).jpg,0.25,257378,2025-09-26 15:14:26,image,https://downloader.disk.yandex.ru/disk/d15f53f881183c4deecf393fe0d0a025a09cf0c83f9521140c79327c45780ea7/6a53c6e0/hDhpBaxhocr6Dbg5IBj20XqKwXgrtEPXUEurfNqq7I12D6A0EoUdA_u0FV8ZxICY1ACAYT-0yV-CaaTJSJ9sEQ%3D%3D?uid=1555067240&filename=VIVEKANANDA%20BALIKA%20VIDYALAYA_URBAN1_COMMUNITY%20OUTREACH%20DAY%284%29.jpg&disposition=attachment&hash=&limit=0&content_type=image%2Fjpeg&owner_uid=1555067240&fsize=257378&hid=778dc50e6eb70f490d7327f9f09e4904&media_type=image&tknv=v3&is_direct_zip_experiment=1&etag=75b97246c4175aad86b136c41d718f3d,image/jpeg,2025-09-26T15:14:26+00:00
VIVEKANANDA BALIKA VIDYALAYA_URBAN1_HAND WASH DAY(2).jpg,disk:/Swacchata Pakkhara 2025/VIVEKANANDA BALIKA VIDYALAYA_URBAN1_HAND WASH DAY(2).jpg,0.24,248700,2025-09-26 15:14:28,image,https://downloader.disk.yandex.ru/disk/9b1c5b2dbe2d2154d01f8b75e411bbee7d2ea21c4e035683231b3237e9e868df/6a53c6e0/hDhpBaxhocr6Dbg5IBj20d11AJa0Ud51VSNeXUAo4_Jt7PN4Lz9pG-bCYllQIyUS_FP5x-AVLZ4HMG_vJP6vog%3D%3D?uid=1555067240&filename=VIVEKANANDA%20BALIKA%20VIDYALAYA_URBAN1_HAND%20WASH%20DAY%282%29.jpg&disposition=attachment&hash=&limit=0&content_type=image%2Fjpeg&owner_uid=1555067240&fsize=248700&hid=8ee41bc53c0f7c9e2d71f46fc4fa1020&media_type=image&tknv=v3&is_direct_zip_experiment=1&etag=c44875ee477d049cf0baa45c311dd154,image/jpeg,2025-09-26T15:14:28+00:00
BURDWAN HARISAVA HINDU GIRLS' HIGH SCHOOL (MORNING)_URBAN1_ACTION PLAN DAY(2).jpeg,disk:/Swacchata Pakkhara 2025/BURDWAN HARISAVA HINDU GIRLS' HIGH SCHOOL (MORNING)_URBAN1_ACTION PLAN DAY(2).jpeg,0.04,45415,2025-09-26 15:14:30,image,https://downloader.disk.yandex.ru/disk/0261d269a59931fc5fa5c14280bddf13dd13e8cbeddb04132351e40a86f3af6c/6a53c6e1/hDhpBaxhocr6Dbg5IBj20VZwYYAbvaY_GHhu1NpUmGlvw2Ik95vN1Q4suZuIckQ6SoxJjsL0xmXqoUoDgM9sJQ%3D%3D?uid=1555067240&filename=BURDWAN%20HARISAVA%20HINDU%20GIRLS%27%20HIGH%20SCHOOL%20%28MORNING%29_URBAN1_ACTION%20PLAN%20DAY%282%29.jpeg&disposition=attachment&hash=&limit=0&content_type=image%2Fjpeg&owner_uid=1555067240&fsize=45415&hid=3a808692f7f9bb744a5ad69fdda4bc01&media_type=image&tknv=v3&is_direct_zip_experiment=1&etag=5e0ff3d0dc5196591164272886faddf2,image/jpeg,2025-09-26T15:14:30+00:00
BARDHAMAN NIVEDITA KANYA VIDYA_URBAN1_HAND WASHING DAY.jpeg,disk:/Swacchata Pakkhara 2025/BARDHAMAN NIVEDITA KANYA VIDYA_URBAN1_HAND WASHING DAY.jpeg,0.2,213755,2025-09-26 15:14:40,image,https://downloader.disk.yandex.ru/disk/68202f875bd901dc79d0a2152c8914177800aca3f48e13bd431381888ef9878d/6a53c6e2/hDhpBaxhocr6Dbg5IBj20dNCj0pJT8-SFbD6kCL7KxScwUOSRmhz0UCz27Xujgt33xylRMpq8IpGRkDjwRziLw%3D%3D?uid=1555067240&filename=BARDHAMAN%20NIVEDITA%20KANYA%20VIDYA_URBAN1_HAND%20WASHING%20DAY.jpeg&disposition=attachment&hash=&limit=0&content_type=image%2Fjpeg&owner_uid=1555067240&fsize=213755&hid=4126db00db273c879a86d1db8be79315&media_type=image&tknv=v3&is_direct_zip_experiment=1&etag=483761bf604383fdc16fd3c7dd86de21,image/jpeg,2025-09-26T15:14:40+00:00
BARDHAMAN NIVEDITA KANYA VIDYA_URBAN1_HAND WASHING DAY(1).jpeg,disk:/Swacchata Pakkhara 2025/BARDHAMAN NIVEDITA KANYA VIDYA_URBAN1_HAND WASHING DAY(1).jpeg,0.21,221190,2025-09-26 15:14:41,image,https://downloader.disk.yandex.ru/disk/a956fffccbdd9a14ee9f2a2cff29f1fd26f5afa213f016eb5fd8d7d804792f56/6a53c6e3/hDhpBaxhocr6Dbg5IBj20fid9DCKXkkiE65AOcuzDJorj6OSsAcEzk9Fn3EqPKK4lerNhtei0gLczyvAe84-ew%3D%3D?uid=1555067240&filename=BARDHAMAN%20NIVEDITA%20KANYA%20VIDYA_URBAN1_HAND%20WASHING%20DAY%281%29.jpeg&disposition=attachment&hash=&limit=0&content_type=image%2Fjpeg&owner_uid=1555067240&fsize=221190&hid=fead01a9f792bfb9f8fd5be4e4a75bc6&media_type=image&tknv=v3&is_direct_zip_experiment=1&etag=86bb06c60733633829623f00bf2297b5,image/jpeg,2025-09-26T15:14:41+00:00
BARDHAMAN NIVEDITA KANYA VIDYA_URBAN1_HAND WASHING DAY(2).jpeg,disk:/Swacchata Pakkhara 2025/BARDHAMAN NIVEDITA KANYA VIDYA_URBAN1_HAND WASHING DAY(2).jpeg,0.2,211069,2025-09-26 15:14:41,image,https://downloader.disk.yandex.ru/disk/4730a175c0c29bea7aaa58795fbe7d278f5351713e6b3f716a7ca9c675ddb580/6a53c6e3/hDhpBaxhocr6Dbg5IBj20Vqd26kyxtt_r-a4Rt2A5ntJaYg-iwu0kv9zFzTronLDuRsOBsMKun8IB9QirpeIVA%3D%3D?uid=1555067240&filename=BARDHAMAN%20NIVEDITA%20KANYA%20VIDYA_URBAN1_HAND%20WASHING%20DAY%282%29.jpeg&disposition=attachment&hash=&limit=0&content_type=image%2Fjpeg&owner_uid=1555067240&fsize=211069&hid=b40b8fa86f94c83a6300674932dcc65a&media_type=image&tknv=v3&is_direct_zip_experiment=1&etag=244fe8be42ea5965d82e0b1c3cdcd07f,image/jpeg,2025-09-26T15:14:41+00:00
BARDHAMAN NIVEDITA KANYA VIDYA_URBAN1_COMMUNITY OUTREACH DAY.jpeg,disk:/Swacchata Pakkhara 2025/BARDHAMAN NIVEDITA KANYA VIDYA_URBAN1_COMMUNITY OUTREACH DAY.jpeg,0.19,195605,2025-09-26 15:14:44,image,https://downloader.disk.yandex.ru/disk/b5d53ae1324912dfd200b1e0189431b29d9ad723c06a51ec76e06a179e046f9c/6a53c6e7/hDhpBaxhocr6Dbg5IBj20XUDZCCKl3koHHhHE5vgibhYx1E0woxmy4d8UZrK_DgimTSRAuNAX-k10J29pFyWZw%3D%3D?uid=1555067240&filename=BARDHAMAN%20NIVEDITA%20KANYA%20VIDYA_URBAN1_COMMUNITY%20OUTREACH%20DAY.jpeg&disposition=attachment&hash=&limit=0&content_type=image%2Fjpeg&owner_uid=1555067240&fsize=195605&hid=661d5d174ee842b23825002105400e9f&media_type=image&tknv=v3&is_direct_zip_experiment=1&etag=531605826391faa88fee5cc0dcf9b68b,image/jpeg,2025-09-26T15:14:44+00:00
BARDHAMAN NIVEDITA KANYA VIDYA_URBAN1_GREEN DAY.jpeg,disk:/Swacchata Pakkhara 2025/BARDHAMAN NIVEDITA KANYA VIDYA_URBAN1_GREEN DAY.jpeg,0.39,407469,2025-09-26 15:14:50,image,https://downloader.disk.yandex.ru/disk/8a931b106a54c0683ce54d743d098c5ec20c5a249969e537dc0d0243d2a9dd5d/6a53c6e7/hDhpBaxhocr6Dbg5IBj20QIvcrBgpZdpdEdoa2rHLrOeMivgYGI9ifcPBYm4VKlcjUg9xcR337zJA4hQ7QO9hQ%3D%3D?uid=1555067240&filename=BARDHAMAN%20NIVEDITA%20KANYA%20VIDYA_URBAN1_GREEN%20DAY.jpeg&disposition=attachment&hash=&limit=0&content_type=image%2Fjpeg&owner_uid=1555067240&fsize=407469&hid=e39bd2a82e5126b3dd5ec74ce67c908a&media_type=image&tknv=v3&is_direct_zip_experiment=1&etag=d21478c532aa3626542cd476e036184f,image/jpeg,2025-09-26T15:14:50+00:00
BARDHAMAN NIVEDITA KANYA VIDYA_URBAN1_GREEN DAY(1).jpeg,disk:/Swacchata Pakkhara 2025/BARDHAMAN NIVEDITA KANYA VIDYA_URBAN1_GREEN DAY(1).jpeg,0.43,448756,2025-09-26 15:14:55,image,https://downloader.disk.yandex.ru/disk/7e9ab3cdb1741696d21c00899605a8e3befb0736d0f612ec162dd16dbe0c8c7a/6a53c6e8/hDhpBaxhocr6Dbg5IBj20RH5t3cL-oiVHM7BJmwxtEPBt4RdQHSaSLzASTAUAfuuLFf1SEC6zdpB5eIfUIvIOQ%3D%3D?uid=1555067240&filename=BARDHAMAN%20NIVEDITA%20KANYA%20VIDYA_URBAN1_GREEN%20DAY%281%29.jpeg&disposition=attachment&hash=&limit=0&content_type=image%2Fjpeg&owner_uid=1555067240&fsize=448756&hid=787bd14e0f17ade19f0609c1c4fdc829&media_type=image&tknv=v3&is_direct_zip_experiment=1&etag=28215136392354b66c2952151d1e4455,image/jpeg,2025-09-26T15:14:55+00:00
BURDWAN SRI R.K.S.P. HIGH SCHOOL(SHYAMSAYAR)_URBAN1_HAND WASH DAY.jpeg,disk:/Swacchata Pakkhara 2025/BURDWAN SRI R.K.S.P. HIGH SCHOOL(SHYAMSAYAR)_URBAN1_HAND WASH DAY.jpeg,0.12,127845,2025-09-26 15:15:00,image,https://downloader.disk.yandex.ru/disk/a52b7d82bb17a646df4eeee2916d151d5f715b5575183425fc603e4a97bb522f/6a53c6e9/hDhpBaxhocr6Dbg5IBj20esCjewJ1nNhUG6TFTrqCUCxpYcWxeaHUgut7HfxL_zv9krzP8YDBccWxXgq_4WuPQ%3D%3D?uid=1555067240&filename=BURDWAN%20SRI%20R.K.S.P.%20HIGH%20SCHOOL%28SHYAMSAYAR%29_URBAN1_HAND%20WASH%20DAY.jpeg&disposition=attachment&hash=&limit=0&content_type=image%2Fjpeg&owner_uid=1555067240&fsize=127845&hid=d205ae6ce4913e0f42f107b60706f30e&media_type=image&tknv=v3&is_direct_zip_experiment=1&etag=1545778e0bea0b63e89a51339d7c1f91,image/jpeg,2025-09-26T15:15:00+00:00
BURDWAN SRI R.K.S.P. HIGH SCHOOL(SHYAMSAYAR)_URBAN1_PARTICIPATION DAY.jpeg,disk:/Swacchata Pakkhara 2025/BURDWAN SRI R.K.S.P. HIGH SCHOOL(SHYAMSAYAR)_URBAN1_PARTICIPATION DAY.jpeg,0.2,212524,2025-09-26 15:15:03,image,https://downloader.disk.yandex.ru/disk/1fc89ad3617a482d6f933819e7f6832d21f871c0e3ee8a17ea83d06f61a54c08/6a53c6ea/hDhpBaxhocr6Dbg5IBj20Xhx6TasRl7Uzkgot1aDeU000TL3Ul8o6XQ5sL_se7L3bjLJ-_fbg-4vYWxJwWjarw%3D%3D?uid=1555067240&filename=BURDWAN%20SRI%20R.K.S.P.%20HIGH%20SCHOOL%28SHYAMSAYAR%29_URBAN1_PARTICIPATION%20DAY.jpeg&disposition=attachment&hash=&limit=0&content_type=image%2Fjpeg&owner_uid=1555067240&fsize=212524&hid=86f33262403efe4bec6724fa30a97a33&media_type=image&tknv=v3&is_direct_zip_experiment=1&etag=9984d058321a8b80efcee0beebf3c205,image/jpeg,2025-09-26T15:15:03+00:00
sunanda overdrawn.pdf,disk:/Susnanda Das_DPSC_Leave Process/sunanda overdrawn.pdf,0.18,188602,2025-09-26 15:15:26,document,https://downloader.disk.yandex.ru/disk/dfb7e66ab3ba293ca361be0471974dcbe07fa3b7364deb7d61666f392e330d01/6a53c6ea/hDhpBaxhocr6Dbg5IBj20RDsQ71vAjyOZTT6objAraP1YkgUbmut8XZcWH16iTyNB9BWOVtyiGAizzkQYyoIiw%3D%3D?uid=1555067240&filename=sunanda%20overdrawn.pdf&disposition=attachment&hash=&limit=0&content_type=application%2Fpdf&owner_uid=1555067240&fsize=188602&hid=6ba7407e9b637ad0f85fb4df5bac63cb&media_type=document&tknv=v3&is_direct_zip_experiment=1&etag=2d6dee7c2ebd5481dd15585d944646c2,application/pdf,2025-09-26T15:15:26+00:00
SUNANDA DAS.pdf,disk:/Susnanda Das_DPSC_Leave Process/SUNANDA DAS.pdf,1.6,1674649,2025-09-26 15:16:07,document,https://downloader.disk.yandex.ru/disk/0e79534faf098722fa38a46483cfeb8c8c92ee6d41df45823585979d3f4daaf7/6a53c6eb/hDhpBaxhocr6Dbg5IBj20ThvsFezRKJv6ogM3G_wED37xIL6TlSotBKrgFocB6uPicibQoQWc-QyBWTrf3Y5Rg%3D%3D?uid=1555067240&filename=SUNANDA%20DAS.pdf&disposition=attachment&hash=&limit=0&content_type=application%2Fpdf&owner_uid=1555067240&fsize=1674649&hid=91940ef853c98c99a6548e7a06263054&media_type=document&tknv=v3&is_direct_zip_experiment=1&etag=8d293dffcd14adbc5056350d4ddb27ea,application/pdf,2025-09-26T15:16:07+00:00
SUNANDA OVERDRAWN.pdf,disk:/Susnanda Das_DPSC_Leave Process/SUNANDA OVERDRAWN.pdf,2.92,3058309,2025-09-26 15:17:50,document,https://downloader.disk.yandex.ru/disk/bce8a7039c76de6fc2908a4818352f6e44a53ce7f12389b9f33d75d419745e20/6a53c6ec/hDhpBaxhocr6Dbg5IBj20QCyXksgHBK9QIyf7o9ydYJXNlaXU7ZQ1R0NuQLW689iPp15FcuSh8QP7rT-ZFLMbA%3D%3D?uid=1555067240&filename=SUNANDA%20OVERDRAWN.pdf&disposition=attachment&hash=&limit=0&content_type=application%2Fpdf&owner_uid=1555067240&fsize=3058309&hid=7213942921466751d7cee5af06537b62&media_type=document&tknv=v3&is_direct_zip_experiment=1&etag=2fcdbcc727f6534afa5e1746675e6de3,application/pdf,2025-09-26T15:17:50+00:00
SUNANDA DAS_79_2022.pdf,disk:/Susnanda Das_DPSC_Leave Process/SUNANDA DAS_79_2022.pdf,2.18,2282493,2025-09-26 15:18:04,document,https://downloader.disk.yandex.ru/disk/f1fa1041f4ecfae6f3fd57b8cacd3b9a0ed54a6b2b9231f2a89585d4677c98bb/6a53c6ed/hDhpBaxhocr6Dbg5IBj20TQwhfkI1QwZWRlU5vlZojiuDfmn4OHr8oVQG60JgvW1ByZCy_eQ4demlr7tG9U9Rw%3D%3D?uid=1555067240&filename=SUNANDA%20DAS_79_2022.pdf&disposition=attachment&hash=&limit=0&content_type=application%2Fpdf&owner_uid=1555067240&fsize=2282493&hid=552ef9d5d54abc7cd6d434cdcd53f183&media_type=document&tknv=v3&is_direct_zip_experiment=1&etag=98263f9aaaa1215fa36b17ea3e7fc02b,application/pdf,2025-09-26T15:18:04+00:00
BURDWAN SRI R.K.S.P. HIGH SCHOOL(SHYAMSAYAR)_URBAN1_AWARENESS DAY.mp4,disk:/Swacchata Pakkhara 2025/BURDWAN SRI R.K.S.P. HIGH SCHOOL(SHYAMSAYAR)_URBAN1_AWARENESS DAY.mp4,4.93,5171396,2025-09-26 15:18:08,video,https://downloader.disk.yandex.ru/disk/393d9e6841868294827f085cf7e6ea9e54bc05f68662276c01aa657f6797976a/6a53c6ed/hDhpBaxhocr6Dbg5IBj20Ut7s4BSjVMAdr75cxsGPOoHmd-jyW3lW_9e1Ly_0zrEXQ2PJXCMYnk1MvkGk4Q26Q%3D%3D?uid=1555067240&filename=BURDWAN%20SRI%20R.K.S.P.%20HIGH%20SCHOOL%28SHYAMSAYAR%29_URBAN1_AWARENESS%20DAY.mp4&disposition=attachment&hash=&limit=0&content_type=video%2Fmp4&owner_uid=1555067240&fsize=5171396&hid=32f9a54636c45e6892b35767a548ec6c&media_type=video&tknv=v3&is_direct_zip_experiment=1&etag=b96c4f2b545526a4dce76aa511c8a3f5,video/mp4,2025-09-26T15:18:08+00:00
sunanda refund salary.pdf,disk:/Susnanda Das_DPSC_Leave Process/sunanda refund salary.pdf,1.77,1860355,2025-09-26 15:18:10,document,https://downloader.disk.yandex.ru/disk/b5b49dcbe0302f144effacee1f632d9166870fa36930ab0a5da71b18320e40a2/6a53c6ee/hDhpBaxhocr6Dbg5IBj20TapDjoPI3VxTdQus5ThLEoeYanVQA3FqfvRdE4tlT4JcvCBfImfDbk2H3x2IYlkqA%3D%3D?uid=1555067240&filename=sunanda%20refund%20salary.pdf&disposition=attachment&hash=&limit=0&content_type=application%2Fpdf&owner_uid=1555067240&fsize=1860355&hid=36e976996c4e42295d90595617ca56a4&media_type=document&tknv=v3&is_direct_zip_experiment=1&etag=3930c54306c936dcbc4574d93974e880,application/pdf,2025-09-26T15:18:10+00:00
Dpsc Report | SUNANDA DAS.pdf,disk:/Susnanda Das_DPSC_Leave Process/Dpsc Report | SUNANDA DAS.pdf,0.55,571518,2025-09-26 15:18:22,document,https://downloader.disk.yandex.ru/disk/630f2a574bde2befac8e5ce5d94e3ef6e2571df79077d1d6ceee2be3f5f98209/6a53c6ef/hDhpBaxhocr6Dbg5IBj20aB2AnZLbffVWeaJu_MOgxwIgY-l5exyuMX3iDJ1JCPi4YWNY6ylT6dgUcMHvzoTRw%3D%3D?uid=1555067240&filename=Dpsc%20Report%20%7C%20SUNANDA%20DAS.pdf&disposition=attachment&hash=&limit=0&content_type=application%2Fpdf&owner_uid=1555067240&fsize=571518&hid=1728a0fab292a083e80555b1d1d25562&media_type=document&tknv=v3&is_direct_zip_experiment=1&etag=67c4a2ccb4d6b428ff5ac171b88a089d,application/pdf,2025-09-26T15:18:22+00:00
LEAVE SUNANDA.pdf,disk:/Susnanda Das_DPSC_Leave Process/LEAVE SUNANDA.pdf,5.13,5375304,2025-09-26 15:18:46,document,https://downloader.disk.yandex.ru/disk/7340531de32a8e5162cdd3607feb7ea2f7e134855f6fb5efde3738d11e49f034/6a53c6f0/hDhpBaxhocr6Dbg5IBj20djeOsCqnZztwZBb5ylQtCxU6k9h0Xs4BNgsU7Jxq0E_oAP7dA2YX8dqt33c0_v9bA%3D%3D?uid=1555067240&filename=LEAVE%20SUNANDA.pdf&disposition=attachment&hash=&limit=0&content_type=application%2Fpdf&owner_uid=1555067240&fsize=5375304&hid=8c5a7f8075fa2a2714bfdba2ace8bf3b&media_type=document&tknv=v3&is_direct_zip_experiment=1&etag=adf6989984b02e908de8a82d76342061,application/pdf,2025-09-26T15:18:46+00:00
BURDWAN SRI R.K.S.P. HIGH SCHOOL(SHYAMSAYAR)_URBAN1_GREEN DAY.mp4,disk:/Swacchata Pakkhara 2025/BURDWAN SRI R.K.S.P. HIGH SCHOOL(SHYAMSAYAR)_URBAN1_GREEN DAY.mp4,9.22,9665207,2025-09-26 15:19:19,video,https://downloader.disk.yandex.ru/disk/01d113ea113631561541982def1caa28ffd5cc3f6eb97ec161beeb858db1ef99/6a53c6f0/hDhpBaxhocr6Dbg5IBj20cnSvdfVrWkz4sCkw3wwdq1W1OEkYFtofgw58tzpDqzKrAEDuu84sC8aNJzMMTgY1w%3D%3D?uid=1555067240&filename=BURDWAN%20SRI%20R.K.S.P.%20HIGH%20SCHOOL%28SHYAMSAYAR%29_URBAN1_GREEN%20DAY.mp4&disposition=attachment&hash=&limit=0&content_type=video%2Fmp4&owner_uid=1555067240&fsize=9665207&hid=77bcc32d9e4857a93f833371a701c181&media_type=video&tknv=v3&is_direct_zip_experiment=1&etag=697ad7ebb93c8d64882a6dfcdc952048,video/mp4,2025-09-26T15:19:19+00:00
Sunanda_final_forwarding.pdf,disk:/Susnanda Das_DPSC_Leave Process/Sunanda_final_forwarding.pdf,1.69,1777074,2025-09-26 15:19:19,document,https://downloader.disk.yandex.ru/disk/ec78a143c8eb33dd9be127807b50bfa6e9e3d9caf54e098b77d7bccc53c12045/6a53c6f1/hDhpBaxhocr6Dbg5IBj20fxrW6yQ3gxGoIBmjVl_txyrZM3P83IAkmvThu0y-Co1oK1ACF3ZsGlf7tGmkf6rmw%3D%3D?uid=1555067240&filename=Sunanda_final_forwarding.pdf&disposition=attachment&hash=&limit=0&content_type=application%2Fpdf&owner_uid=1555067240&fsize=1777074&hid=83798f6eebd22565fc052b2903b0a329&media_type=document&tknv=v3&is_direct_zip_experiment=1&etag=19a01e0dbfad859dd4922f8b9e28f02e,application/pdf,2025-09-26T15:19:19+00:00
SUNANDA73_2022.pdf,disk:/Susnanda Das_DPSC_Leave Process/SUNANDA73_2022.pdf,1.79,1874480,2025-09-26 15:19:29,document,https://downloader.disk.yandex.ru/disk/369586ef49a7b8b7e76bceb39e4a5b0dd2b2204d0e78da86e74555cbf2a2405a/6a53c6f2/hDhpBaxhocr6Dbg5IBj20XbQr1ZBxOKNsEagKu7Uizv4TlyMpf6w3Z3mFwAkvNBZVspPKKRCqjdCOTVzAI3WhA%3D%3D?uid=1555067240&filename=SUNANDA73_2022.pdf&disposition=attachment&hash=&limit=0&content_type=application%2Fpdf&owner_uid=1555067240&fsize=1874480&hid=7c07e3755803b1bccc9056c7a06ba6f6&media_type=document&tknv=v3&is_direct_zip_experiment=1&etag=9be4aa34375743e83815f97a4484c767,application/pdf,2025-09-26T15:19:29+00:00
32. School Inspection Presentation _ Sadar Urban - I.pdf,disk:/🏢-🖨️/32. School Inspection Presentation _ Sadar Urban - I.pdf,0.15,161757,2025-10-13 14:45:50,document,https://downloader.disk.yandex.ru/disk/d544f6f92e168961ec0bee79bb4f0c234847431f1c16000bafa02677ed1e54b9/6a53c6f2/hDhpBaxhocr6Dbg5IBj20fQkhjdvjD1JLK5RqCfx1visoGtJMBHHvNiQKD5ihZfxbu5jti3N3qMPPy3Y7reHpw%3D%3D?uid=1555067240&filename=32.%20School%20Inspection%20Presentation%20_%20Sadar%20Urban%20-%20I.pdf&disposition=attachment&hash=&limit=0&content_type=application%2Fpdf&owner_uid=1555067240&fsize=161757&hid=5da48fffc2bf02d9eb58933b3cbdfa85&media_type=document&tknv=v3&is_direct_zip_experiment=1&etag=ea347a4395c4b39253b0d58d76a60a8b,application/pdf,2025-10-13T14:45:22+00:00
33. NTB.pdf,disk:/🏢-🖨️/33. NTB.pdf,0.22,231177,2025-10-29 07:37:08,document,https://downloader.disk.yandex.ru/disk/14708c0638b7f8fa2f6567024abe1f465e3f058a97a5db0ed810e6d32c704261/6a53c6f3/hDhpBaxhocr6Dbg5IBj20U3KVckP6A8RrpGCl_z4vFNBQZORQMTp_glbKwk_DQR-tpXCSD56eFwVMH-kBmS7YQ%3D%3D?uid=1555067240&filename=33.%20NTB.pdf&disposition=attachment&hash=&limit=0&content_type=application%2Fpdf&owner_uid=1555067240&fsize=231177&hid=2abacf1050ebcbe64b3fe11fffcf2cfc&media_type=document&tknv=v3&is_direct_zip_experiment=1&etag=654cecacd4445e86a7739e0bcee41681,application/pdf,2025-10-29T07:36:56+00:00
34. NTB_UTILIZATION CERTIFICATE.pdf,disk:/🏢-🖨️/34. NTB_UTILIZATION CERTIFICATE.pdf,0.13,140937,2025-11-12 03:35:51,document,https://downloader.disk.yandex.ru/disk/4aea7ee1f66f561293462c86ea660a41a721e3b39730db73520ef7d1a4a0d588/6a53c6f4/hDhpBaxhocr6Dbg5IBj20RgNndjt_N7543l3QE4BL51aA1BkbyG8KXxnwI-H09ehuxkumv-ncozwewdKMDOBZw%3D%3D?uid=1555067240&filename=34.%20NTB_UTILIZATION%20CERTIFICATE.pdf&disposition=attachment&hash=&limit=0&content_type=application%2Fpdf&owner_uid=1555067240&fsize=140937&hid=b7b9a9f5ab8a1a0c4bbbf3425de321c8&media_type=document&tknv=v3&is_direct_zip_experiment=1&etag=e237d8f5b379d0fac9e8fecf3fdb70ef,application/pdf,2025-11-12T03:35:33+00:00
35. PTR_CMS_INDRA_URABN JR BASIC.pdf,disk:/🏢-🖨️/35. PTR_CMS_INDRA_URABN JR BASIC.pdf,0.31,327302,2025-11-12 12:37:41,document,https://downloader.disk.yandex.ru/disk/cc7ede91b754391a4df0cf36f762e68d9d9337e7caf191dfff06aed4c12f8d84/6a53c6f5/hDhpBaxhocr6Dbg5IBj20fQPAqteN_RmLnQGyZnBBDbu_CK9TYK5GtqlZUGcvuQ0QNqnaz4z-0JEfKPHsRp_oA%3D%3D?uid=1555067240&filename=35.%20PTR_CMS_INDRA_URABN%20JR%20BASIC.pdf&disposition=attachment&hash=&limit=0&content_type=application%2Fpdf&owner_uid=1555067240&fsize=327302&hid=f2cfdbe4822a755f53b094bb85c0bcd0&media_type=document&tknv=v3&is_direct_zip_experiment=1&etag=ea047eed592c9ecf87783bbd650297d0,application/pdf,2025-11-12T12:37:30+00:00
Confirmation in Service(Online Form).xlsx,disk:/DATA/Confirmation in Service(Online Form).xlsx,0.03,33550,2025-11-21 04:23:47,document,https://downloader.disk.yandex.ru/disk/ff3b166ce6cfcef4685193589c931ac82a97d54462950b455929dd7a76a8b3ed/6a53c6f6/hDhpBaxhocr6Dbg5IBj20So3bvK1AbYLSqZ6HCpFkpTlPG0q8ZwW16dfVXMCHSRpTGP8ZNIME8F5LkvcU-dOpA%3D%3D?uid=1555067240&filename=Confirmation%20in%20Service%28Online%20Form%29.xlsx&disposition=attachment&hash=&limit=0&content_type=application%2Fvnd.openxmlformats-officedocument.spreadsheetml.sheet&owner_uid=1555067240&fsize=33550&hid=9c828e960323f2453bae75c538557e71&media_type=document&tknv=v3&is_direct_zip_experiment=1&etag=c6d428ab5a98a36c678320dc06b5462b,application/vnd.openxmlformats-officedocument.spreadsheetml.sheet,2024-03-22T06:39:52+00:00
NAME OF ALL SCHOOLS Primary and Secondary.pdf,disk:/DATA/NAME OF ALL SCHOOLS Primary and Secondary.pdf,0.03,31680,2025-11-21 04:23:47,document,https://downloader.disk.yandex.ru/disk/320e9158f6d781bb9c191919e200bf06f859a5197e0ca10aac983a2c3a9d64bd/6a53c6f6/hDhpBaxhocr6Dbg5IBj20Rtov4ui_Sd8gFV3P8WoACgGz5c0t9YtEmDMORcJ7h_tB3QfcyaOBXXXq-r4EswPCA%3D%3D?uid=1555067240&filename=NAME%20OF%20ALL%20SCHOOLS%20Primary%20and%20Secondary.pdf&disposition=attachment&hash=&limit=0&content_type=application%2Fpdf&owner_uid=1555067240&fsize=31680&hid=19ad5ac68ca20c0d41bd84dfe0192f33&media_type=document&tknv=v3&is_direct_zip_experiment=1&etag=1ce0ef35c8b9e307557e9e73652f86ea,application/pdf,2025-03-19T08:25:51+00:00
SECOND_Bio-Data HT Promotion Panel(1-197).xlsx,disk:/DATA/SECOND_Bio-Data HT Promotion Panel(1-197).xlsx,0.05,51970,2025-11-21 04:23:47,document,https://downloader.disk.yandex.ru/disk/0e616754f6c23308c78ea19910b46215e20d42e5382987e5fb003760ea9d0cc6/6a53c6f7/hDhpBaxhocr6Dbg5IBj20QPD39O-SdcmSJSXzZay7VQXqJAt7_kz0lg8-HUOXyivCP2_MJkpoIQ6PhkC_ZwQxw%3D%3D?uid=1555067240&filename=SECOND_Bio-Data%20HT%20Promotion%20Panel%281-197%29.xlsx&disposition=attachment&hash=&limit=0&content_type=application%2Fvnd.openxmlformats-officedocument.spreadsheetml.sheet&owner_uid=1555067240&fsize=51970&hid=b8b1e15074abf6e09461f4842f49365d&media_type=document&tknv=v3&is_direct_zip_experiment=1&etag=926d015fcb89c9996b7373e90b4fca41,application/vnd.openxmlformats-officedocument.spreadsheetml.sheet,2024-03-22T06:40:56+00:00
Confirmation in Service(Online Form).xlsx,disk:/DATA/Confirmation in Service(Online Form).xlsx,0.03,33550,2025-11-21 04:23:47,document,https://downloader.disk.yandex.ru/disk/ab98d12031f3ec77cedc5caa68130b80fc6cd2c50fd321da50f67bbcf0ccd137/6a53c6f8/hDhpBaxhocr6Dbg5IBj20So3bvK1AbYLSqZ6HCpFkpTlPG0q8ZwW16dfVXMCHSRpTGP8ZNIME8F5LkvcU-dOpA%3D%3D?uid=1555067240&filename=Confirmation%20in%20Service%28Online%20Form%29.xlsx&disposition=attachment&hash=&limit=0&content_type=application%2Fvnd.openxmlformats-officedocument.spreadsheetml.sheet&owner_uid=1555067240&fsize=33550&hid=9c828e960323f2453bae75c538557e71&media_type=document&tknv=v3&is_direct_zip_experiment=1&etag=c6d428ab5a98a36c678320dc06b5462b,application/vnd.openxmlformats-officedocument.spreadsheetml.sheet,2024-03-22T06:39:52+00:00
NAME OF ALL SCHOOLS Primary and Secondary.pdf,disk:/DATA/NAME OF ALL SCHOOLS Primary and Secondary.pdf,0.03,31680,2025-11-21 04:23:47,document,https://downloader.disk.yandex.ru/disk/0cc8399b4ab4115103d91fd6e81cc22968bab06de9a0b3acbcf761e1c1ee3f3d/6a53c6f9/hDhpBaxhocr6Dbg5IBj20Rtov4ui_Sd8gFV3P8WoACgGz5c0t9YtEmDMORcJ7h_tB3QfcyaOBXXXq-r4EswPCA%3D%3D?uid=1555067240&filename=NAME%20OF%20ALL%20SCHOOLS%20Primary%20and%20Secondary.pdf&disposition=attachment&hash=&limit=0&content_type=application%2Fpdf&owner_uid=1555067240&fsize=31680&hid=19ad5ac68ca20c0d41bd84dfe0192f33&media_type=document&tknv=v3&is_direct_zip_experiment=1&etag=1ce0ef35c8b9e307557e9e73652f86ea,application/pdf,2025-03-19T08:25:51+00:00
SECOND_Bio-Data HT Promotion Panel(1-197).xlsx,disk:/DATA/SECOND_Bio-Data HT Promotion Panel(1-197).xlsx,0.05,51970,2025-11-21 04:23:47,document,https://downloader.disk.yandex.ru/disk/43f2c552e354827c25547aaa9640eb0b7571993ece3ff6aa50c460a5b5f6ac9f/6a53c6f9/hDhpBaxhocr6Dbg5IBj20QPD39O-SdcmSJSXzZay7VQXqJAt7_kz0lg8-HUOXyivCP2_MJkpoIQ6PhkC_ZwQxw%3D%3D?uid=1555067240&filename=SECOND_Bio-Data%20HT%20Promotion%20Panel%281-197%29.xlsx&disposition=attachment&hash=&limit=0&content_type=application%2Fvnd.openxmlformats-officedocument.spreadsheetml.sheet&owner_uid=1555067240&fsize=51970&hid=b8b1e15074abf6e09461f4842f49365d&media_type=document&tknv=v3&is_direct_zip_experiment=1&etag=926d015fcb89c9996b7373e90b4fca41,application/vnd.openxmlformats-officedocument.spreadsheetml.sheet,2024-03-22T06:40:56+00:00
HT COUNSELLING (2024) COUNSELLING DATA.csv,disk:/DATA/HT COUNSELLING (2024) COUNSELLING DATA.csv,0.03,36075,2025-11-21 04:32:23,data,https://downloader.disk.yandex.ru/disk/259e0d3e547b9512111e1bf38804ff7c6a91c335204334866f515b105363b0a0/6a53c6fd/hDhpBaxhocr6Dbg5IBj20bdjtp1DArl6io1PBkDDVhzKGCed1cboP49Cp4v2P108liXqbNekizwdtIfGN6HdDw%3D%3D?uid=1555067240&filename=HT%20COUNSELLING%20%282024%29%20COUNSELLING%20DATA.csv&disposition=attachment&hash=&limit=0&content_type=text%2Fcsv&owner_uid=1555067240&fsize=36075&hid=32f6ea085e1211f6fc2aef3f7025e4dc&media_type=data&tknv=v3&is_direct_zip_experiment=1&etag=ffe2b064ba7b7c4154edea2c859a2d97,text/csv,2025-11-21T04:32:23+00:00
Teacher Parateacher _EPIC_HOME ADDRESS_MOBILE NO.csv,disk:/DATA/Teacher Parateacher _EPIC_HOME ADDRESS_MOBILE NO.csv,0.1,101448,2025-11-21 04:32:27,data,https://downloader.disk.yandex.ru/disk/885317c852b2bb7b0221d4c26c013da0bad144ea36f906e622821218bc4c6f17/6a53c6ff/hDhpBaxhocr6Dbg5IBj20V1jlZ_QleYqwOB_RtPfijhw9gSZlo_u1uBXs87n64UQTG2DSgJMnotzq84CIgQIzA%3D%3D?uid=1555067240&filename=Teacher%20Parateacher%20_EPIC_HOME%20ADDRESS_MOBILE%20NO.csv&disposition=attachment&hash=&limit=0&content_type=text%2Fcsv&owner_uid=1555067240&fsize=101448&hid=b9ac00320e159ff6982843c9b1f144c4&media_type=data&tknv=v3&is_direct_zip_experiment=1&etag=9cf23f64c002549947d3c018cd6730bb,text/csv,2025-11-21T04:32:27+00:00
HT COUNSELLING (2024) OLD DATA OF ALL TEACHER.csv,disk:/DATA/HT COUNSELLING (2024) OLD DATA OF ALL TEACHER.csv,0.16,166518,2025-11-21 04:32:32,data,https://downloader.disk.yandex.ru/disk/a574eb92f15e2da2badb462407c0b76bba3401c7c8eaefe0eb495505e8e248ed/6a53c700/hDhpBaxhocr6Dbg5IBj20WI35hfwi90aun9RmkgvyFhtAdd6slmJRt-fIV_PpRFR1kkJUbSw1q78KATX-b2eEw%3D%3D?uid=1555067240&filename=HT%20COUNSELLING%20%282024%29%20OLD%20DATA%20OF%20ALL%20TEACHER.csv&disposition=attachment&hash=&limit=0&content_type=text%2Fcsv&owner_uid=1555067240&fsize=166518&hid=82ce3954a50847f2fbee914354768d5d&media_type=data&tknv=v3&is_direct_zip_experiment=1&etag=cca21d2e79ec538dae8660c715d2b753,text/csv,2025-11-21T04:32:32+00:00
36. PTR_4_SHARMA_SHASTRI_RAMASHISH_SHIB.pdf,disk:/🏢-🖨️/36. PTR_4_SHARMA_SHASTRI_RAMASHISH_SHIB.pdf,0.31,326023,2025-11-26 05:32:21,document,https://downloader.disk.yandex.ru/disk/f7fea69e686872f56d20124da0429b3fa1762f1cbe720cefcdf6874797a14b70/6a53c701/hDhpBaxhocr6Dbg5IBj20egJsQD27zr2HFUWdOG4EZH0aOWB1EMyJ8yvzWMoQHbMWE3tvdg-s-6vwxcAdYvu3g%3D%3D?uid=1555067240&filename=36.%20PTR_4_SHARMA_SHASTRI_RAMASHISH_SHIB.pdf&disposition=attachment&hash=&limit=0&content_type=application%2Fpdf&owner_uid=1555067240&fsize=326023&hid=aa5106f91f82f5994f46d0b2e8437db9&media_type=document&tknv=v3&is_direct_zip_experiment=1&etag=ce9d0d87b00487c0b4162672b4257c11,application/pdf,2025-11-26T05:32:11+00:00
37. Sports Ground Booking.pdf,disk:/🏢-🖨️/37. Sports Ground Booking.pdf,0.29,301118,2025-12-04 06:58:57,document,https://downloader.disk.yandex.ru/disk/c85c572b9845955ce97db7d24c757593184c68d2f376ce721f64d2c62d543fdf/6a53c702/hDhpBaxhocr6Dbg5IBj20c-I9AiNTlQI2zpM7swO0VTwkMMNeZsvydykVERV6KMjYMK6lgJ2ao5x7h4OyanoLw%3D%3D?uid=1555067240&filename=37.%20Sports%20Ground%20Booking.pdf&disposition=attachment&hash=&limit=0&content_type=application%2Fpdf&owner_uid=1555067240&fsize=301118&hid=415073a55b53f603e1a5a1c0d84ee40c&media_type=document&tknv=v3&is_direct_zip_experiment=1&etag=8e60ff2d3f212a74812eb491c2c03a26,application/pdf,2025-12-04T06:58:16+00:00
First_Bio-Data HT Promotion Panel(1-188).xlsx,disk:/DATA/First_Bio-Data HT Promotion Panel(1-188).xlsx,0.04,46625,2025-12-05 03:14:03,document,https://downloader.disk.yandex.ru/disk/ef782b288ab5d7faf24d18cdbc84a53e096a0b0f31c95db4f99fd229d92608e2/6a53c703/hDhpBaxhocr6Dbg5IBj20Xdm6WdzK7nBFIEPVbqA-8ZTHVJaIXvVHqvT3g6OpaP_yqXAAAgN7GCDH_540kQPbA%3D%3D?uid=1555067240&filename=First_Bio-Data%20HT%20Promotion%20Panel%281-188%29.xlsx&disposition=attachment&hash=&limit=0&content_type=application%2Fvnd.openxmlformats-officedocument.spreadsheetml.sheet&owner_uid=1555067240&fsize=46625&hid=4844cc0376798d038b3fed57163cdc45&media_type=document&tknv=v3&is_direct_zip_experiment=1&etag=84d25c55874181dfdaa9ece26bb3febf,application/vnd.openxmlformats-officedocument.spreadsheetml.sheet,2025-12-05T03:14:03+00:00
38. Raionalisation_SU-I.pdf,disk:/🏢-🖨️/38. Raionalisation_SU-I.pdf,0.05,48375,2025-12-09 05:48:04,document,https://downloader.disk.yandex.ru/disk/327336863be9af51f12345a0fb6b4b769064d91e8161512b810f05ba05bad264/6a53c704/hDhpBaxhocr6Dbg5IBj20YA8Sf0s1aoCe5uZNqc-tod7iQVW3tPc2G7sgkVywGuugethhf3m-I7VBRUn2F_qog%3D%3D?uid=1555067240&filename=38.%20Raionalisation_SU-I.pdf&disposition=attachment&hash=&limit=0&content_type=application%2Fpdf&owner_uid=1555067240&fsize=48375&hid=6a42668d33190e5ff413e8a3ae815e1d&media_type=document&tknv=v3&is_direct_zip_experiment=1&etag=d1e6bbfe8afc3bb38ef650eac184342c,application/pdf,2025-12-09T05:47:53+00:00
39. Sunanda Das Reminder.pdf,disk:/🏢-🖨️/39. Sunanda Das Reminder.pdf,0.28,296950,2025-12-09 08:37:12,document,https://downloader.disk.yandex.ru/disk/219172adf912d78e7232d2ef606e62ee02ce43bf0104e07d37a66922249f636a/6a53c705/hDhpBaxhocr6Dbg5IBj20QRGf0rcKCgzrtqb7Jbceqvgs0nCnStJ_2ygAGfAQBt4912tWCHneQm6Qm1HEf91xg%3D%3D?uid=1555067240&filename=39.%20Sunanda%20Das%20Reminder.pdf&disposition=attachment&hash=&limit=0&content_type=application%2Fpdf&owner_uid=1555067240&fsize=296950&hid=b57b837f613cc53fe8b6f18f5a2f4678&media_type=document&tknv=v3&is_direct_zip_experiment=1&etag=71602df4f89a796d72f74aa288dc748b,application/pdf,2025-12-09T08:37:04+00:00
40. PTR_Harisava Primary.pdf,disk:/🏢-🖨️/40. PTR_Harisava Primary.pdf,0.12,130791,2025-12-17 04:30:31,document,https://downloader.disk.yandex.ru/disk/a2de1da8a9429e483dd97c26d884a08675657a429cb4b3f6819b486a31bd48d7/6a53c706/hDhpBaxhocr6Dbg5IBj20fcOuJgqrN_IRrt50AqurvrDKgRMZi3X6OQ5rHfv8J4tnulljOi1HEvky_xHYswCJA%3D%3D?uid=1555067240&filename=40.%20PTR_Harisava%20Primary.pdf&disposition=attachment&hash=&limit=0&content_type=application%2Fpdf&owner_uid=1555067240&fsize=130791&hid=e7b1b3ee5701b7101c1817640917ee1c&media_type=document&tknv=v3&is_direct_zip_experiment=1&etag=cff10f9802b3c44240e8c9843cd0cce3,application/pdf,2025-12-17T04:29:58+00:00
41. Honarairum_MP_DEC2025_2036.pdf,disk:/🏢-🖨️/41. Honarairum_MP_DEC2025_2036.pdf,0.53,556429,2025-12-17 04:30:48,document,https://downloader.disk.yandex.ru/disk/d5e011f7c570c7c7103def6c2702c735ed54cbc5ad626d4cf2a305faf4fb18c9/6a53c706/hDhpBaxhocr6Dbg5IBj20VShZpuUyeEHQ61osPg3d_xSV4FMScw_KVyHAE_-jopoTpiYJeaLjg1P1gaQCi7jiQ%3D%3D?uid=1555067240&filename=41.%20Honarairum_MP_DEC2025_2036.pdf&disposition=attachment&hash=&limit=0&content_type=application%2Fpdf&owner_uid=1555067240&fsize=556429&hid=888f8f9a0550cdfc85f234f2205203ef&media_type=document&tknv=v3&is_direct_zip_experiment=1&etag=4a1e009b63079a4b14471a7abff20dbd,application/pdf,2025-12-17T04:30:10+00:00
office-employees(2025).xlsx,disk:/DATA/office-employees(2025).xlsx,0.05,52005,2025-12-18 13:14:46,document,https://downloader.disk.yandex.ru/disk/38420e29bc2bb3a6381861075156509206e6005ea4e91ef5388ce89a4d2b36ac/6a53c707/hDhpBaxhocr6Dbg5IBj20SNw0LGEheL3bt4rZq-SsFZHDG3NrOr9ThyytrEAM6gLXaOFdhrvnqVUMEDFdbNXcQ%3D%3D?uid=1555067240&filename=office-employees%282025%29.xlsx&disposition=attachment&hash=&limit=0&content_type=application%2Fvnd.openxmlformats-officedocument.spreadsheetml.sheet&owner_uid=1555067240&fsize=52005&hid=6b2620e9e99bd0b324d52b578c576bfc&media_type=document&tknv=v3&is_direct_zip_experiment=1&etag=29fa67d3566c0b67a9c68c925d94a243,application/vnd.openxmlformats-officedocument.spreadsheetml.sheet,2025-12-18T13:14:46+00:00
42. Sports25_attendance.pdf,disk:/🏢-🖨️/42. Sports25_attendance.pdf,0.04,38098,2025-12-23 10:22:06,document,https://downloader.disk.yandex.ru/disk/691c9d1da92ce92d56f41d69955f4e1c58b10257a31b65038f9c1000b7f1bdb8/6a53c708/hDhpBaxhocr6Dbg5IBj20Uxs3ozS1FQo84l5HH9eKjPNsEbjl5a3K1qII7XQgI8qtHoRFNo8NSFXxqu7wBFm7A%3D%3D?uid=1555067240&filename=42.%20Sports25_attendance.pdf&disposition=attachment&hash=&limit=0&content_type=application%2Fpdf&owner_uid=1555067240&fsize=38098&hid=dbeac20444c156285582ac0e24317385&media_type=document&tknv=v3&is_direct_zip_experiment=1&etag=7a65f945af1d926615779ac2d27a9c0a,application/pdf,2025-12-23T10:21:12+00:00
purba bardhaman all school.csv,disk:/DATA/purba bardhaman all school.csv,1.24,1295307,2025-12-26 13:33:22,data,https://downloader.disk.yandex.ru/disk/c7d1d0f871799ff0b20fb716ab02d70394693d3023b9a57d40d1614481842d75/6a53c709/hDhpBaxhocr6Dbg5IBj20QVE10e1YtILemsBAtZpCS_Srl_nRkhVK5HSksQokJnSn2yvgK4MXEdlL_-IdGbx-Q%3D%3D?uid=1555067240&filename=purba%20bardhaman%20all%20school.csv&disposition=attachment&hash=&limit=0&content_type=text%2Fcsv&owner_uid=1555067240&fsize=1295307&hid=cacb5ae99284753ea570bac70e752079&media_type=data&tknv=v3&is_direct_zip_experiment=1&etag=26f83528c937f906bbc29c9ddd26ce9f,text/csv,2025-12-26T13:33:22+00:00
43. Escort Teacher Sports.pdf,disk:/🏢-🖨️/43. Escort Teacher Sports.pdf,0.29,301259,2025-12-29 05:37:32,document,https://downloader.disk.yandex.ru/disk/a46938f21f2abef76d7dd2c4110220488b8abf6e296bf2846c24db3cb29e41c2/6a53c709/hDhpBaxhocr6Dbg5IBj20WcBkMoYi4XVy8P7jdbG1y75a-sAKt8zQWqLAoqjW7OPqAegCgtXk89_NZEHAP6udA%3D%3D?uid=1555067240&filename=43.%20Escort%20Teacher%20Sports.pdf&disposition=attachment&hash=&limit=0&content_type=application%2Fpdf&owner_uid=1555067240&fsize=301259&hid=c0d890d7a0fed1caaf56afcd8707dcdf&media_type=document&tknv=v3&is_direct_zip_experiment=1&etag=c0fe5be14c0686e370d8b4c69190c361,application/pdf,2025-12-29T05:36:38+00:00
44. Sub-Division Annual Sports Meet 2025 SADAR URBAN I CLRC - Sheet1.pdf,disk:/🏢-🖨️/44. Sub-Division Annual Sports Meet 2025 SADAR URBAN I CLRC - Sheet1.pdf,0.11,113231,2025-12-29 06:34:31,document,https://downloader.disk.yandex.ru/disk/1f62208667dbb377e751fba78ef1c51eaf039ac12d60bb8be6e953dd8776665a/6a53c70a/hDhpBaxhocr6Dbg5IBj20Ue0ttwjl7WQksbZWUr04am8k6brZnd9Qs4p5BAGwqqG9iegyP4cpdBXoTC7_bWlYA%3D%3D?uid=1555067240&filename=44.%20Sub-Division%20Annual%20Sports%20Meet%202025%20SADAR%20URBAN%20I%20CLRC%20-%20Sheet1.pdf&disposition=attachment&hash=&limit=0&content_type=application%2Fpdf&owner_uid=1555067240&fsize=113231&hid=3a6a431f23e3a03d5b6259a9e6119938&media_type=document&tknv=v3&is_direct_zip_experiment=1&etag=18808c1b59c3ec7fd97312434b441db4,application/pdf,2025-12-29T06:34:19+00:00
45. OOSC Sikha Bandhu Tagging.pdf,disk:/🏢-🖨️/45. OOSC Sikha Bandhu Tagging.pdf,0.04,44933,2025-12-29 09:39:14,document,https://downloader.disk.yandex.ru/disk/f5066f0abf5fb36478da831288dc2cf876fe9d3d9c96e0745bd6c78c0d1495e8/6a53c70b/hDhpBaxhocr6Dbg5IBj20YyE9pTaQkhxqRN85nfbS5RVp_E0CLqka7I5MqrfGNWng8u94-VfTAxdb0IA1c_bSA%3D%3D?uid=1555067240&filename=45.%20OOSC%20Sikha%20Bandhu%20Tagging.pdf&disposition=attachment&hash=&limit=0&content_type=application%2Fpdf&owner_uid=1555067240&fsize=44933&hid=5bb29190786ca3b63e17ce78bb3e98be&media_type=document&tknv=v3&is_direct_zip_experiment=1&etag=d20b0404715d98a16341c0f84ac1e286,application/pdf,2025-12-29T09:39:01+00:00
46. Asset as on 01Jan2026_protected.pdf,disk:/🏢-🖨️/46. Asset as on 01Jan2026_protected.pdf,0.09,95229,2026-01-02 05:29:10,document,https://downloader.disk.yandex.ru/disk/915490a45a6c165e17efbc906a1146b5b8fa7f9f27d2e5d4350815f1e2188497/6a53c70b/hDhpBaxhocr6Dbg5IBj20e-988Jxs6DYTOduF4AYELuIlcEisX1Scel4xxpmRBrZMUPTx-hi04iBaPjAkTYpkA%3D%3D?uid=1555067240&filename=46.%20Asset%20as%20on%2001Jan2026_protected.pdf&disposition=attachment&hash=&limit=0&content_type=application%2Fpdf&owner_uid=1555067240&fsize=95229&hid=e45dc163fc4a537bd20ff5340ed3c283&media_type=document&tknv=v3&is_direct_zip_experiment=1&etag=9e84ef10c957bea237a4610b177c4c9d,application/pdf,2026-01-02T05:28:57+00:00
47. BLUE TABLET WIFS.pdf,disk:/🏢-🖨️/47. BLUE TABLET WIFS.pdf,0.03,26657,2026-01-08 10:02:50,document,https://downloader.disk.yandex.ru/disk/b0cf806b3e6bec6998e3dfc3b9998ac315af107181cf5b41268f3cff21ef5b82/6a53c70c/hDhpBaxhocr6Dbg5IBj20aHV8pmlMHWKrF_JJadGeXYeWVA6i3Fpe97SXv4N7xn0Rk3uJJbmzuS2PFLaD9iAnw%3D%3D?uid=1555067240&filename=47.%20BLUE%20TABLET%20WIFS.pdf&disposition=attachment&hash=&limit=0&content_type=application%2Fpdf&owner_uid=1555067240&fsize=26657&hid=3daadb282dab1998422f65d53c33cfe1&media_type=document&tknv=v3&is_direct_zip_experiment=1&etag=37586e8a989ca0a75d3819d51586a42b,application/pdf,2026-01-08T10:02:31+00:00
48. Full Schedule Competition.pdf,disk:/🏢-🖨️/48. Full Schedule Competition.pdf,0.03,34991,2026-01-14 06:24:13,document,https://downloader.disk.yandex.ru/disk/ecd295959a99e3e8c8472213627270a86c8408cecd1dcd6cacbebcf44cb472f0/6a53c70d/hDhpBaxhocr6Dbg5IBj20ffPhLsmsbvMTwkYUWng2zSTvUf78KBsPBXnnBzggS1sfB8sx9UtSUKlXpzbruxPLg%3D%3D?uid=1555067240&filename=48.%20Full%20Schedule%20Competition.pdf&disposition=attachment&hash=&limit=0&content_type=application%2Fpdf&owner_uid=1555067240&fsize=34991&hid=20af6cb8c82c01247c0520c0922a18a5&media_type=document&tknv=v3&is_direct_zip_experiment=1&etag=7ece7a454ac59122695744795391a5e1,application/pdf,2026-01-14T06:24:01+00:00
49. Asset Declarion LETTER FORMAT.pdf,disk:/🏢-🖨️/49. Asset Declarion LETTER FORMAT.pdf,0.05,48439,2026-01-14 06:36:50,document,https://downloader.disk.yandex.ru/disk/53d30b771454c65d9977fd2446516698593dedfba1ffaa6a47a400ac8c281203/6a53c70e/hDhpBaxhocr6Dbg5IBj20RkqAdx7-yjbm4w6nXz1vUzOYoQMsW2Wmh0EXQ9qUJIoOD36a53LYexHH8wFcdOmCw%3D%3D?uid=1555067240&filename=49.%20Asset%20Declarion%20LETTER%20FORMAT.pdf&disposition=attachment&hash=&limit=0&content_type=application%2Fpdf&owner_uid=1555067240&fsize=48439&hid=b86f153678cd8d4019f1aa0fc6dd590d&media_type=document&tknv=v3&is_direct_zip_experiment=1&etag=96df05dfe5453703aecadb942871ccec,application/pdf,2026-01-14T06:36:36+00:00
A-READING ATTEN.pdf,disk:/🏢-🖨️/COMP2025/A-READING ATTEN.pdf,0.03,34941,2026-01-15 09:38:03,document,https://downloader.disk.yandex.ru/disk/7b66c8d0c64c66092751bdb418e2789b18a1c88b2d79b178f889e219f08e4b94/6a53c70e/hDhpBaxhocr6Dbg5IBj20QAaXuWalEwNrxH4CKQHq9FZKjUsbtqG03F-89hPx30H3j0_jXU2IPeWqR1tNMjhYg%3D%3D?uid=1555067240&filename=A-READING%20ATTEN.pdf&disposition=attachment&hash=&limit=0&content_type=application%2Fpdf&owner_uid=1555067240&fsize=34941&hid=fff157ae36184329a24c3001b9c2fce5&media_type=document&tknv=v3&is_direct_zip_experiment=1&etag=63bc516836035e07df69f780ff65a05a,application/pdf,2026-01-15T09:38:03+00:00
A-READING JUDGE.pdf,disk:/🏢-🖨️/COMP2025/A-READING JUDGE.pdf,0.03,35237,2026-01-15 09:38:03,document,https://downloader.disk.yandex.ru/disk/767237000c03ad46e614a273e3d11aedd9c893c7e02548f8a211fb3f2f5b679b/6a53c70f/hDhpBaxhocr6Dbg5IBj20VP04shZDWxSxSH9lHIMWRKblFIrVvTmpLgRU8p5I_Nt3gXyjyWeSP1qWVAZbBZwJA%3D%3D?uid=1555067240&filename=A-READING%20JUDGE.pdf&disposition=attachment&hash=&limit=0&content_type=application%2Fpdf&owner_uid=1555067240&fsize=35237&hid=4fade86c52f0bb6fa00eda3c757c87e5&media_type=document&tknv=v3&is_direct_zip_experiment=1&etag=a2438fab6880f3d715d6fcc4f2eae4e9,application/pdf,2026-01-15T09:38:03+00:00
B-DANCE SOLO JUDGE.pdf,disk:/🏢-🖨️/COMP2025/B-DANCE SOLO JUDGE.pdf,0.03,35693,2026-01-15 09:38:03,document,https://downloader.disk.yandex.ru/disk/e78f61d341383086f49eda8244d8f09e7351e05d3b216b48b8e65f0365b8908a/6a53c710/hDhpBaxhocr6Dbg5IBj20W1dCdtcIXDcHmZ_2_Fl_927oHphuoO65Gvr7RnGVO9PQf4CmtzvaZkIl6gfu8AALQ%3D%3D?uid=1555067240&filename=B-DANCE%20SOLO%20JUDGE.pdf&disposition=attachment&hash=&limit=0&content_type=application%2Fpdf&owner_uid=1555067240&fsize=35693&hid=166ece499cc3b9eeab4450b8321f7737&media_type=document&tknv=v3&is_direct_zip_experiment=1&etag=1b71ce8c19d1afe3535afe554794276d,application/pdf,2026-01-15T09:38:03+00:00
A-DANCE SOLO JUDGE.pdf,disk:/🏢-🖨️/COMP2025/A-DANCE SOLO JUDGE.pdf,0.03,34471,2026-01-15 09:38:04,document,https://downloader.disk.yandex.ru/disk/c9b86fb60a22811898316f4ea7300dc95c675d76a13a7a22f346f1c571808b08/6a53c710/hDhpBaxhocr6Dbg5IBj20cY70nA0DkSg6jTnFUmSwXZYwPZ4eYs4bxgzFTv70E7YowWOUFQnVE_sO2UEmuGgAQ%3D%3D?uid=1555067240&filename=A-DANCE%20SOLO%20JUDGE.pdf&disposition=attachment&hash=&limit=0&content_type=application%2Fpdf&owner_uid=1555067240&fsize=34471&hid=ea171240c21c474ad789d45210a36ad3&media_type=document&tknv=v3&is_direct_zip_experiment=1&etag=1ef5c0f0dcdfa5b0c12dc9d28278d3dc,application/pdf,2026-01-15T09:38:04+00:00
B-DANCE SOLO ATTEN.pdf,disk:/🏢-🖨️/COMP2025/B-DANCE SOLO ATTEN.pdf,0.03,35518,2026-01-15 09:38:05,document,https://downloader.disk.yandex.ru/disk/33e2dd4edd6304fdd66511f0218b1cca8f340728587c2622f853a23c51357996/6a53c711/hDhpBaxhocr6Dbg5IBj20YwKzZt7ofuIaul2oIime-pbe1BGSPnD12nl7CkCT0E4_hIINZPr_DgAbzZEN3FNng%3D%3D?uid=1555067240&filename=B-DANCE%20SOLO%20ATTEN.pdf&disposition=attachment&hash=&limit=0&content_type=application%2Fpdf&owner_uid=1555067240&fsize=35518&hid=f0e49e69315cdc32db96b086dcd818db&media_type=document&tknv=v3&is_direct_zip_experiment=1&etag=5effed20fb0115d7db05e0c84616c386,application/pdf,2026-01-15T09:38:05+00:00
Refreshment Requsition.pdf,disk:/🏢-🖨️/COMP2025/Refreshment Requsition.pdf,0.02,25668,2026-01-15 09:38:05,document,https://downloader.disk.yandex.ru/disk/3d0a53251592948f990e55ab43b299bceb0b7c6a7ef6da573a16fb19f25620ec/6a53c712/hDhpBaxhocr6Dbg5IBj20XgQ8DoivD437GxcIPh4o8ThE0KeiCqbmvB14eKL2iNkSqpnzzgmawMrHen9jDlx6w%3D%3D?uid=1555067240&filename=Refreshment%20Requsition.pdf&disposition=attachment&hash=&limit=0&content_type=application%2Fpdf&owner_uid=1555067240&fsize=25668&hid=ec8b39dcafc2f360c988d0df788fe24c&media_type=document&tknv=v3&is_direct_zip_experiment=1&etag=638961d080d8e4432e48e4032139b4af,application/pdf,2026-01-15T09:38:05+00:00
Schedule Venue Sctudent Name School Count.pdf,disk:/🏢-🖨️/COMP2025/Schedule Venue Sctudent Name School Count.pdf,0.03,35343,2026-01-15 09:38:05,document,https://downloader.disk.yandex.ru/disk/8551163cc178448e989702737c34c445940eb78540ed773519ae3f64b1f50cc9/6a53c713/hDhpBaxhocr6Dbg5IBj20dBK3eQZNg8RIyKBojSfQqTZv45e5C6N0g9HSTCv8l6hOx2YuVuzIXPvKTFTCmpicg%3D%3D?uid=1555067240&filename=Schedule%20Venue%20Sctudent%20Name%20School%20Count.pdf&disposition=attachment&hash=&limit=0&content_type=application%2Fpdf&owner_uid=1555067240&fsize=35343&hid=2594a29e7e0884e429ca0856bc8b0499&media_type=document&tknv=v3&is_direct_zip_experiment=1&etag=293b0a43c065ce7cba9fbecc722798ae,application/pdf,2026-01-15T09:38:04+00:00
B-READING ATTEN.pdf,disk:/🏢-🖨️/COMP2025/B-READING ATTEN.pdf,0.03,35650,2026-01-15 09:38:08,document,https://downloader.disk.yandex.ru/disk/d1ec13fd8627af99231255f31f7bca87d594ca97f4073ae25c4dffeb9f142757/6a53c714/hDhpBaxhocr6Dbg5IBj20YrQ4Q680OEx0J0xnfHcqkWHHZ9exAwCgHrBkQm-F-c9QxEt1x3nl0kWkZsFko2R3g%3D%3D?uid=1555067240&filename=B-READING%20ATTEN.pdf&disposition=attachment&hash=&limit=0&content_type=application%2Fpdf&owner_uid=1555067240&fsize=35650&hid=4febe6702179dc9e495c723f36c86c43&media_type=document&tknv=v3&is_direct_zip_experiment=1&etag=f8b0bdce0e838c124fe6a7f88e3989aa,application/pdf,2026-01-15T09:38:08+00:00
B-READING JUDGE.pdf,disk:/🏢-🖨️/COMP2025/B-READING JUDGE.pdf,0.03,35576,2026-01-15 09:38:08,document,https://downloader.disk.yandex.ru/disk/f7fd18d35b35fc1a1ba9ba62a4c69a257653b1f1cd9c12c46b2741c0bb6744fb/6a53c715/hDhpBaxhocr6Dbg5IBj20Snl8YLZQOhyBj-s-hhbzvIHsKDC2aosAOQjvhee6d6MCG_HVGaFIQOPySWNFuiHMA%3D%3D?uid=1555067240&filename=B-READING%20JUDGE.pdf&disposition=attachment&hash=&limit=0&content_type=application%2Fpdf&owner_uid=1555067240&fsize=35576&hid=9236916cfd30718cc5dd43d130c3971e&media_type=document&tknv=v3&is_direct_zip_experiment=1&etag=111b0efd825b6c1d5da20143071bbcd6,application/pdf,2026-01-15T09:38:08+00:00
B-RECITE JUDGE.pdf,disk:/🏢-🖨️/COMP2025/B-RECITE JUDGE.pdf,0.03,33211,2026-01-15 09:38:08,document,https://downloader.disk.yandex.ru/disk/b4e28e243fa3b9a57b5f1b3ce2655b925e0587b9b8e09984366c3b1975ba51f0/6a53c715/hDhpBaxhocr6Dbg5IBj20e3T6gihXhZ5_GygDtZlBLKiPu8lPB_WIrrBvRp2W3nI3XhFMrVXdu1pd9H8orYGtA%3D%3D?uid=1555067240&filename=B-RECITE%20JUDGE.pdf&disposition=attachment&hash=&limit=0&content_type=application%2Fpdf&owner_uid=1555067240&fsize=33211&hid=3edc40d55f7b755a5d403d82abb44933&media_type=document&tknv=v3&is_direct_zip_experiment=1&etag=6ad94d956be746a171c41c19f41f8ac7,application/pdf,2026-01-15T09:38:08+00:00
B-RECITE ATTEN.pdf,disk:/🏢-🖨️/COMP2025/B-RECITE ATTEN.pdf,0.03,33052,2026-01-15 09:38:10,document,https://downloader.disk.yandex.ru/disk/941b6f2e8fa172c1bbfb72a77e5246e694846f1236c49e3d31e1f5ef6be4c418/6a53c716/hDhpBaxhocr6Dbg5IBj20Yp7IMf5j__COPBqOuqCp0LRGmrRN5LNbw82W3W-Dp3ws3K2Kw-InX3n8z4qznciwg%3D%3D?uid=1555067240&filename=B-RECITE%20ATTEN.pdf&disposition=attachment&hash=&limit=0&content_type=application%2Fpdf&owner_uid=1555067240&fsize=33052&hid=49f04d9478654b64f8dca15f60993791&media_type=document&tknv=v3&is_direct_zip_experiment=1&etag=80e508ceec71d577b0c0a021301f9090,application/pdf,2026-01-15T09:38:10+00:00
B-SONG ATTEN.pdf,disk:/🏢-🖨️/COMP2025/B-SONG ATTEN.pdf,0.03,33608,2026-01-15 09:38:10,document,https://downloader.disk.yandex.ru/disk/49cb0676db434be286c097f1ce05470c849015a8d84c746be8c0dc1be3a644bf/6a53c717/hDhpBaxhocr6Dbg5IBj20UW5CVij2H4WCo-bcKaWfrcGwbBySgFDvGh6P3F26c2yKUGS080uiosqYv5XbJVmoQ%3D%3D?uid=1555067240&filename=B-SONG%20ATTEN.pdf&disposition=attachment&hash=&limit=0&content_type=application%2Fpdf&owner_uid=1555067240&fsize=33608&hid=be93378fae608ee775b1b05c07b7c02e&media_type=document&tknv=v3&is_direct_zip_experiment=1&etag=d66539bd215f30239c50ddb02a785846,application/pdf,2026-01-15T09:38:10+00:00
B-SONG JUDGE.pdf,disk:/🏢-🖨️/COMP2025/B-SONG JUDGE.pdf,0.03,33806,2026-01-15 09:38:10,document,https://downloader.disk.yandex.ru/disk/3ff946f9b7205eef14f37b2fa766974058ff16da5810d65e41e3fb8217ddba29/6a53c718/hDhpBaxhocr6Dbg5IBj20ZyNtVdH0P1rG0evbgbOc3GVg5Urc1C9hM2zYShw8eZ26i4uOAFX6FLVcACevPbKkw%3D%3D?uid=1555067240&filename=B-SONG%20JUDGE.pdf&disposition=attachment&hash=&limit=0&content_type=application%2Fpdf&owner_uid=1555067240&fsize=33806&hid=efa9fc51a8620a2a6e2327a1d4abb86f&media_type=document&tknv=v3&is_direct_zip_experiment=1&etag=dd9b1c1728c5a9a54be10b7f85a0c460,application/pdf,2026-01-15T09:38:10+00:00
C-DANCE SOLO ATTEN.pdf,disk:/🏢-🖨️/COMP2025/C-DANCE SOLO ATTEN.pdf,0.03,34647,2026-01-15 09:38:12,document,https://downloader.disk.yandex.ru/disk/489bb12b02cfe1ec2fd980135d51ce7335e3659b75c6dd50ddd181026b2384fb/6a53c718/hDhpBaxhocr6Dbg5IBj20ROHjDuc3FqB1n0BNtRBjgtnrjAdJ8ttkKGlgLgmgyPOL0BS2Hiqsgo3pQfykZ19KQ%3D%3D?uid=1555067240&filename=C-DANCE%20SOLO%20ATTEN.pdf&disposition=attachment&hash=&limit=0&content_type=application%2Fpdf&owner_uid=1555067240&fsize=34647&hid=6791b503003034e27e1ea86d68d89150&media_type=document&tknv=v3&is_direct_zip_experiment=1&etag=df0785aec1c673c6341ed97f387b8e87,application/pdf,2026-01-15T09:38:12+00:00
C-DANCE SOLO JUDGE.pdf,disk:/🏢-🖨️/COMP2025/C-DANCE SOLO JUDGE.pdf,0.03,34847,2026-01-15 09:38:12,document,https://downloader.disk.yandex.ru/disk/fbf627d2b770482f4f01a435b4c463889d1c71197092c94f90d0587c2e3a973b/6a53c719/hDhpBaxhocr6Dbg5IBj20apVJUB4nc5Ei62CzYGHSsVZmHubyws_COhry0kQ6UlPmxMTYD34DZEUmvynUsCZZw%3D%3D?uid=1555067240&filename=C-DANCE%20SOLO%20JUDGE.pdf&disposition=attachment&hash=&limit=0&content_type=application%2Fpdf&owner_uid=1555067240&fsize=34847&hid=e16a07c0b3347ab8d3ca5ea08e36c55a&media_type=document&tknv=v3&is_direct_zip_experiment=1&etag=922dae9749506679c0f9576421ee9c3d,application/pdf,2026-01-15T09:38:12+00:00
C-SONG JUDGE.pdf,disk:/🏢-🖨️/COMP2025/C-SONG JUDGE.pdf,0.03,33641,2026-01-15 09:38:13,document,https://downloader.disk.yandex.ru/disk/be89175c2f6d9906b208657400981b5cbce2f25ecb3ff88f23e60df1f697c80b/6a53c71a/hDhpBaxhocr6Dbg5IBj20Z_mXy5pttHxyeMc8S8lclweSc0iT_-fdzemkueox8TcpZ2lK-GCPnQVuc9VHSW9lQ%3D%3D?uid=1555067240&filename=C-SONG%20JUDGE.pdf&disposition=attachment&hash=&limit=0&content_type=application%2Fpdf&owner_uid=1555067240&fsize=33641&hid=a1a61dcea655ef8f8f515a31d4276a97&media_type=document&tknv=v3&is_direct_zip_experiment=1&etag=ec746c788f0a4577abe02c398d8edaf1,application/pdf,2026-01-15T09:38:13+00:00
C-SONG ATTEN.pdf,disk:/🏢-🖨️/COMP2025/C-SONG ATTEN.pdf,0.03,33490,2026-01-15 09:38:15,document,https://downloader.disk.yandex.ru/disk/2759758fb8b5e448ce8af6c80f795bfcf11f8105f7cd87974771841ddac105d6/6a53c71a/hDhpBaxhocr6Dbg5IBj20brY0BBCeg1Am2rgaguHkBGThs024q2GrLmK7t4MmKvHahOv8ZM6mKWfZLNmcEKZjg%3D%3D?uid=1555067240&filename=C-SONG%20ATTEN.pdf&disposition=attachment&hash=&limit=0&content_type=application%2Fpdf&owner_uid=1555067240&fsize=33490&hid=4a2219cbc18fb4bbf3cc0b1b3ff56aa1&media_type=document&tknv=v3&is_direct_zip_experiment=1&etag=76ebda723923261993eeab75ca70f002,application/pdf,2026-01-15T09:38:15+00:00
C-STORY ATTEN.pdf,disk:/🏢-🖨️/COMP2025/C-STORY ATTEN.pdf,0.03,33553,2026-01-15 09:38:15,document,https://downloader.disk.yandex.ru/disk/fd7886930855bee6cae191c032f6e05afae16992755fe16bb57f0f534370083c/6a53c71b/hDhpBaxhocr6Dbg5IBj20ZNIrYBP_8Ef3wT2_7KnotWKp5YTooDrVIgbxlRD8ZOBe8NLNoLqZAtDARzOaZa61A%3D%3D?uid=1555067240&filename=C-STORY%20ATTEN.pdf&disposition=attachment&hash=&limit=0&content_type=application%2Fpdf&owner_uid=1555067240&fsize=33553&hid=f4478c6b4ddfe594857afc7764f42e87&media_type=document&tknv=v3&is_direct_zip_experiment=1&etag=e89d99231551ca8c0a6cf0bf1caa9477,application/pdf,2026-01-15T09:38:15+00:00
C-STORY JUDGE.pdf,disk:/🏢-🖨️/COMP2025/C-STORY JUDGE.pdf,0.03,33901,2026-01-15 09:38:15,document,https://downloader.disk.yandex.ru/disk/f775ca0f0a94a50b8c92ed45792b68870547026f18f1041db726200c16b0b308/6a53c71c/hDhpBaxhocr6Dbg5IBj20UbA8JfiGiKSNXSFEd0erd0RUis7g2cR-blWApCwgN-oTDvVN54-7Wec3mcTv1BoeQ%3D%3D?uid=1555067240&filename=C-STORY%20JUDGE.pdf&disposition=attachment&hash=&limit=0&content_type=application%2Fpdf&owner_uid=1555067240&fsize=33901&hid=02d846ca39be3757273261f70b67542d&media_type=document&tknv=v3&is_direct_zip_experiment=1&etag=39a61a85b5613e17817cce9a6bc99465,application/pdf,2026-01-15T09:38:15+00:00
D-DANCE SOLO ATTEN.pdf,disk:/🏢-🖨️/COMP2025/D-DANCE SOLO ATTEN.pdf,0.03,33996,2026-01-15 09:38:17,document,https://downloader.disk.yandex.ru/disk/7e4f0077d0727bc06a380c89af7932014d4f8fb450f6317ceb52ab5b1902f31f/6a53c71e/hDhpBaxhocr6Dbg5IBj20W1SEa-OR1ZfPoI-UupEnm2gifyQF8gDgABxaK8fYfS10aXeQ4wXZb7EoMvddMVeeA%3D%3D?uid=1555067240&filename=D-DANCE%20SOLO%20ATTEN.pdf&disposition=attachment&hash=&limit=0&content_type=application%2Fpdf&owner_uid=1555067240&fsize=33996&hid=f4a45aef5bc741f0c82c502a0c55a3e2&media_type=document&tknv=v3&is_direct_zip_experiment=1&etag=c8449958a23885c3949158f3f3ac9e71,application/pdf,2026-01-15T09:38:17+00:00
D-DANCE SOLO JUDGE.pdf,disk:/🏢-🖨️/COMP2025/D-DANCE SOLO JUDGE.pdf,0.03,34191,2026-01-15 09:38:17,document,https://downloader.disk.yandex.ru/disk/f28b34b9bce8b8366151313f042c5b58c032d4178b9369a0b20edac9338b5e1d/6a53c71e/hDhpBaxhocr6Dbg5IBj20c35Sb51mS0d4ti-vkqDINQu4CWB-koPVSeOT16GCLlBhKpEMpE-47ylOhKfn7wYOw%3D%3D?uid=1555067240&filename=D-DANCE%20SOLO%20JUDGE.pdf&disposition=attachment&hash=&limit=0&content_type=application%2Fpdf&owner_uid=1555067240&fsize=34191&hid=dce3bdbe8b112aba4da9c06bf074b1c3&media_type=document&tknv=v3&is_direct_zip_experiment=1&etag=567481053c40dfb3c7519bd423c3ed59,application/pdf,2026-01-15T09:38:17+00:00
D-DEBATE JUDGE.pdf,disk:/🏢-🖨️/COMP2025/D-DEBATE JUDGE.pdf,0.03,32872,2026-01-15 09:38:18,document,https://downloader.disk.yandex.ru/disk/e4e539d3ea99d73dbb1a9a9328d95619f1f345890fa403267100df8dfb95e6a0/6a53c71f/hDhpBaxhocr6Dbg5IBj20Z8JeXeygRKGojFo5Io3EpQpHdvni8M7qNIr-mSWv7WaAGeCLrgdD2A7PAWiW88EPA%3D%3D?uid=1555067240&filename=D-DEBATE%20JUDGE.pdf&disposition=attachment&hash=&limit=0&content_type=application%2Fpdf&owner_uid=1555067240&fsize=32872&hid=27767f04f5f14e375f9b12289e55a976&media_type=document&tknv=v3&is_direct_zip_experiment=1&etag=9c97bce59501759ea813bf6836f2272f,application/pdf,2026-01-15T09:38:18+00:00
D-DEBATE ATTEN.pdf,disk:/🏢-🖨️/COMP2025/D-DEBATE ATTEN.pdf,0.03,32970,2026-01-15 09:38:19,document,https://downloader.disk.yandex.ru/disk/35933e5f97b1ea1d75cd7f6c75461c6fcd29d135803f5d94b6d12c90de786ac1/6a53c720/hDhpBaxhocr6Dbg5IBj20aoN99_M2cThDjPPoHkMu-YXLWj4LOgFjqLFvNxNer_oWcAzv_DWoryj9G3f1a0uiQ%3D%3D?uid=1555067240&filename=D-DEBATE%20ATTEN.pdf&disposition=attachment&hash=&limit=0&content_type=application%2Fpdf&owner_uid=1555067240&fsize=32970&hid=19e53c722c73a17de4296b603891eaf7&media_type=document&tknv=v3&is_direct_zip_experiment=1&etag=ae762ca1bca5824a23f6905e3b65c1d9,application/pdf,2026-01-15T09:38:19+00:00
D-EXTEMPORE JUDGE.pdf,disk:/🏢-🖨️/COMP2025/D-EXTEMPORE JUDGE.pdf,0.03,32516,2026-01-15 09:38:19,document,https://downloader.disk.yandex.ru/disk/5334f41922e1c11fd1cafb3ddb30010c7b534ef48eb27c4942fddf760d4b894c/6a53c721/hDhpBaxhocr6Dbg5IBj20ZgtZjKGg8Z_TdbdtBAU8Us0i5a7SFKz-fK3e1pTKws0KrTc1IfNDKi7n8P7mJYYXg%3D%3D?uid=1555067240&filename=D-EXTEMPORE%20JUDGE.pdf&disposition=attachment&hash=&limit=0&content_type=application%2Fpdf&owner_uid=1555067240&fsize=32516&hid=1c6427ba1d80996495f6ea6342b4c754&media_type=document&tknv=v3&is_direct_zip_experiment=1&etag=d757c39856cdbf9480824ecbf5ee6b32,application/pdf,2026-01-15T09:38:19+00:00
D-EXTEMPORE ATTEN.pdf,disk:/🏢-🖨️/COMP2025/D-EXTEMPORE ATTEN.pdf,0.03,32332,2026-01-15 09:38:20,document,https://downloader.disk.yandex.ru/disk/8d669b429ebf2e9b8478800d621abc8893c8184dbc49031d3ae589c084d60dfc/6a53c722/hDhpBaxhocr6Dbg5IBj20awx_BY6rA5OFzzVhD3gbwOPFiao43DTN2Dc0bHW8u-NCAMVenck36K9p9QElfCSWQ%3D%3D?uid=1555067240&filename=D-EXTEMPORE%20ATTEN.pdf&disposition=attachment&hash=&limit=0&content_type=application%2Fpdf&owner_uid=1555067240&fsize=32332&hid=6b6155ba789d32b760ff111e865cb784&media_type=document&tknv=v3&is_direct_zip_experiment=1&etag=6b3fbe2257b6b44257393c546a5ffbee,application/pdf,2026-01-15T09:38:20+00:00
A-DANCE SOLO ATTEN.pdf,disk:/🏢-🖨️/COMP2025/A-DANCE SOLO ATTEN.pdf,0.03,34039,2026-01-15 10:28:10,document,https://downloader.disk.yandex.ru/disk/6cea857f0ebc84cb81d126b25dcac60a4d80831397f4fb8b536044f7248f4faa/6a53c722/hDhpBaxhocr6Dbg5IBj20SPj0PPyNtT3hqI7WVmg2NomPBlZ02eP9qsfvp7i0x8il1EKd9pyqJXhvGOOKDcr8g%3D%3D?uid=1555067240&filename=A-DANCE%20SOLO%20ATTEN.pdf&disposition=attachment&hash=&limit=0&content_type=application%2Fpdf&owner_uid=1555067240&fsize=34039&hid=5dcf08624f7ed4bc048ac53bd7e51006&media_type=document&tknv=v3&is_direct_zip_experiment=1&etag=02ea54b816180a1ed280be06d0dabf5f,application/pdf,2026-01-15T10:28:10+00:00
Reading Ability.pdf,disk:/🏢-🖨️/COMP2025/Reading Ability.pdf,0.04,39912,2026-01-15 11:12:54,document,https://downloader.disk.yandex.ru/disk/f07e08cc38c61e534aaaef937e6dadf6cd3e7cf3af8b0304b7e682fe3d106a48/6a53c723/hDhpBaxhocr6Dbg5IBj20ekG_Tna0HYEMmg0YI3SlNW0ZsXLaurw2-hJdOMMhLESK9aHJqTKqr3eCOnDJE796g%3D%3D?uid=1555067240&filename=Reading%20Ability.pdf&disposition=attachment&hash=&limit=0&content_type=application%2Fpdf&owner_uid=1555067240&fsize=39912&hid=3f76daaa8067c6807753eafef014d660&media_type=document&tknv=v3&is_direct_zip_experiment=1&etag=9a087c99a992190fa0cc5201506daca5,application/pdf,2026-01-15T11:12:54+00:00
B-QUIZ ATTEN.pdf,disk:/🏢-🖨️/COMP2025/B-QUIZ ATTEN.pdf,0.03,33273,2026-01-15 11:15:16,document,https://downloader.disk.yandex.ru/disk/1f77195136a9a7e4ca3fddb002531da4d3822e24aedff9daae2ec919b5975f10/6a53c724/hDhpBaxhocr6Dbg5IBj20QBrx03hFJ5q-nxfaZPuA17HRLia_serG_ymcDkUw06L0PFxtoznJ-ByevuMMo38Pw%3D%3D?uid=1555067240&filename=B-QUIZ%20ATTEN.pdf&disposition=attachment&hash=&limit=0&content_type=application%2Fpdf&owner_uid=1555067240&fsize=33273&hid=abaa7765a5773db507b3c6a0d672182d&media_type=document&tknv=v3&is_direct_zip_experiment=1&etag=1ac6df1c0b0f63c0ac229aca77d44256,application/pdf,2026-01-15T11:15:16+00:00
C-QUIZ ATTEN.pdf,disk:/🏢-🖨️/COMP2025/C-QUIZ ATTEN.pdf,0.03,33898,2026-01-15 11:15:17,document,https://downloader.disk.yandex.ru/disk/be630cb4bfd739f9e949e9e21ba99b8228e27017f200d6f5370de79dd44c6971/6a53c724/hDhpBaxhocr6Dbg5IBj20UNyfrlehnHXHwzJ7cZz9jGh698wDphzEqIIGYCUWzClm5So84P5PaH-76M6KHvU7A%3D%3D?uid=1555067240&filename=C-QUIZ%20ATTEN.pdf&disposition=attachment&hash=&limit=0&content_type=application%2Fpdf&owner_uid=1555067240&fsize=33898&hid=37f004c257a1847bbaa97f36bf296b42&media_type=document&tknv=v3&is_direct_zip_experiment=1&etag=1a1d8e05af3859cafcd1c64a8b687dcc,application/pdf,2026-01-15T11:15:17+00:00
D-QUIZ ATTEN.pdf,disk:/🏢-🖨️/COMP2025/D-QUIZ ATTEN.pdf,0.03,33445,2026-01-15 11:15:17,document,https://downloader.disk.yandex.ru/disk/5c132edb3b9dd593ee1b88044dd1106a235371cb94122fed6ca93205d6b86d20/6a53c726/hDhpBaxhocr6Dbg5IBj20bqBK4EiSzGtK3Fa6tsaR5prv2pi1PwM-1KLavbv1CFDE1qZN1rpFEZdNX9JbS4CVA%3D%3D?uid=1555067240&filename=D-QUIZ%20ATTEN.pdf&disposition=attachment&hash=&limit=0&content_type=application%2Fpdf&owner_uid=1555067240&fsize=33445&hid=e9762f1066f46cdb84a5ca9df9286e54&media_type=document&tknv=v3&is_direct_zip_experiment=1&etag=ff32c20066179b45f893dec2a2122a78,application/pdf,2026-01-15T11:15:17+00:00
QUIZ TABULATION.pdf,disk:/🏢-🖨️/COMP2025/QUIZ TABULATION.pdf,0.01,13229,2026-01-15 11:22:15,document,https://downloader.disk.yandex.ru/disk/a45e0b2696ef006978fc2101a27f168d639a80522937a93105e30dc041b59b13/6a53c726/hDhpBaxhocr6Dbg5IBj20SBK-RRpHktV648zVSBP3KR_uAqOHcp4IpV_dPasJjq-N9cOkQpRgbM9cfcYeHdhoQ%3D%3D?uid=1555067240&filename=QUIZ%20TABULATION.pdf&disposition=attachment&hash=&limit=0&content_type=application%2Fpdf&owner_uid=1555067240&fsize=13229&hid=17a8a87ebba9af1acb6b172aa9928c80&media_type=document&tknv=v3&is_direct_zip_experiment=1&etag=642b27381a9aebce3221b3627b8a7215,application/pdf,2026-01-15T11:22:15+00:00
210_34_21Jan.pdf,disk:/🏢-🖨️/AERO_206_2016_Attendance/210_34_21Jan.pdf,0.04,43631,2026-01-19 14:57:59,document,https://downloader.disk.yandex.ru/disk/81845075ae1b0cc4332fdd2f7cc89adac43eb11659ebc6c7a614110f8d3e795d/6a53c727/hDhpBaxhocr6Dbg5IBj20blDbKWX82Uz_U5uJGF7AMrSY-K3GTnO7k3cIshFJNsSzmiLb3r_5MRcKaJrIDFX1g%3D%3D?uid=1555067240&filename=210_34_21Jan.pdf&disposition=attachment&hash=&limit=0&content_type=application%2Fpdf&owner_uid=1555067240&fsize=43631&hid=8f8898e77723eeeae929ebd20225570a&media_type=document&tknv=v3&is_direct_zip_experiment=1&etag=f181bf31d4f3019dff42f82d35ec267c,application/pdf,2026-01-19T14:57:59+00:00
206_61_30Jan.pdf,disk:/🏢-🖨️/AERO_206_2016_Attendance/206_61_30Jan.pdf,0.05,50473,2026-01-19 14:58:00,document,https://downloader.disk.yandex.ru/disk/dbd11cd87fed131e1351550ec29eb2f225ac1dafe2caebdb7cae073d9a61bd61/6a53c728/hDhpBaxhocr6Dbg5IBj20cr_MJ3QOzfkYp-Czg5j3OzFZcACXimoGfWvumJZqTCNxDpD8oCpBQyFO1rwtviFIQ%3D%3D?uid=1555067240&filename=206_61_30Jan.pdf&disposition=attachment&hash=&limit=0&content_type=application%2Fpdf&owner_uid=1555067240&fsize=50473&hid=c4fd8981039402ef78b6d812bb097199&media_type=document&tknv=v3&is_direct_zip_experiment=1&etag=0e3238dafe50ef136864088bc6542000,application/pdf,2026-01-19T14:58:00+00:00
207_40_29Jan.pdf,disk:/🏢-🖨️/AERO_206_2016_Attendance/207_40_29Jan.pdf,0.04,43739,2026-01-19 14:58:00,document,https://downloader.disk.yandex.ru/disk/fc7d9dbb47212adf306102ac05978e7cd693d4c5eb6bc32531330722addf3471/6a53c729/hDhpBaxhocr6Dbg5IBj20a-KveCl-LkN5tvEj_mjXyfHxP4dlhXSrk7Zb9OhH1Ccjr_govqMirEagyb8Ur3ENA%3D%3D?uid=1555067240&filename=207_40_29Jan.pdf&disposition=attachment&hash=&limit=0&content_type=application%2Fpdf&owner_uid=1555067240&fsize=43739&hid=79854b2f9e2c1e74f58c51a7e21c9d8a&media_type=document&tknv=v3&is_direct_zip_experiment=1&etag=9873624a5d062b666af4dde4038e8cda,application/pdf,2026-01-19T14:58:00+00:00
208_25_25Jan.pdf,disk:/🏢-🖨️/AERO_206_2016_Attendance/208_25_25Jan.pdf,0.04,40787,2026-01-19 14:58:00,document,https://downloader.disk.yandex.ru/disk/06b144167b3d727d36d53bcca07dbc1eee4eacff1e82cbc4b6dc007820fb90a1/6a53c729/hDhpBaxhocr6Dbg5IBj20bNUStEx84ny1ZdnNZuG-tP2jUWZqR9xaK-Xrgd0n3MWuhzAY5VdAsqXKBZgoD444g%3D%3D?uid=1555067240&filename=208_25_25Jan.pdf&disposition=attachment&hash=&limit=0&content_type=application%2Fpdf&owner_uid=1555067240&fsize=40787&hid=630e5c046221b8e9a3ff61f6bf699f25&media_type=document&tknv=v3&is_direct_zip_experiment=1&etag=4db9c0cf9bbb020bf8f71d2e9fa66d68,application/pdf,2026-01-19T14:58:00+00:00
209_42_29 Jan.pdf,disk:/🏢-🖨️/AERO_206_2016_Attendance/209_42_29 Jan.pdf,0.04,43889,2026-01-19 14:58:00,document,https://downloader.disk.yandex.ru/disk/22725b96ee486c3d6da8cc7c3ffbc006af5a4fbf226a543a5b47ea7bc497b53b/6a53c72a/hDhpBaxhocr6Dbg5IBj20Xc679jdvAAunevOxwtbi6W0r4yO52YyJoaJxRvnqOz32H1Z0Ouv4YnZRvSsurQVLQ%3D%3D?uid=1555067240&filename=209_42_29%20Jan.pdf&disposition=attachment&hash=&limit=0&content_type=application%2Fpdf&owner_uid=1555067240&fsize=43889&hid=a08376ada10d9443ed5546f805ee82e8&media_type=document&tknv=v3&is_direct_zip_experiment=1&etag=e3caabff0f290440dd2bf47b1fada569,application/pdf,2026-01-19T14:58:00+00:00
211_56_21Jan.pdf,disk:/🏢-🖨️/AERO_206_2016_Attendance/211_56_21Jan.pdf,0.05,47337,2026-01-19 14:58:00,document,https://downloader.disk.yandex.ru/disk/ed9631bc54ab17512917dc8d991b8116fe7289d256ce1a3119e085e244295338/6a53c72b/hDhpBaxhocr6Dbg5IBj20Zi8n3tdBWpEU6zMcPjjPpom393ORlps9wG5JRbITsRamv4sgaBIkhqyhcHeyeXAXA%3D%3D?uid=1555067240&filename=211_56_21Jan.pdf&disposition=attachment&hash=&limit=0&content_type=application%2Fpdf&owner_uid=1555067240&fsize=47337&hid=395b06de4bd6ce5c08bb3e95d8231834&media_type=document&tknv=v3&is_direct_zip_experiment=1&etag=4d32950df25e2ce247c8a6edf954d7e1,application/pdf,2026-01-19T14:58:00+00:00
213_49_27Jan.pdf,disk:/🏢-🖨️/AERO_206_2016_Attendance/213_49_27Jan.pdf,0.05,47502,2026-01-19 14:58:15,document,https://downloader.disk.yandex.ru/disk/bfb548c23369d7d304fcdd29256660b91b8c75c39b06d88c62cf345d725fbce3/6a53c72c/hDhpBaxhocr6Dbg5IBj20V2_tKBW6g0HONX1XT_h3dwwu52zHYVj3wRgE135ieYPAqc026xk6ABjnjWR6hscEg%3D%3D?uid=1555067240&filename=213_49_27Jan.pdf&disposition=attachment&hash=&limit=0&content_type=application%2Fpdf&owner_uid=1555067240&fsize=47502&hid=cc4eb383c603021dfea69e287cd6e114&media_type=document&tknv=v3&is_direct_zip_experiment=1&etag=b7218c82a88285c733fa6ffabf064864,application/pdf,2026-01-19T14:58:15+00:00
215_49_28Jan.pdf,disk:/🏢-🖨️/AERO_206_2016_Attendance/215_49_28Jan.pdf,0.05,47640,2026-01-19 14:58:15,document,https://downloader.disk.yandex.ru/disk/e55cdc08e11f8bbdc2fda7d8a05f166ddae63be85609fc1c519fd53895c77198/6a53c72c/hDhpBaxhocr6Dbg5IBj20cobEZ4iUY5U8kuDi-sZ1F5NPIqPPpXp0NwiR2taOewD14Szwm8x3AVtZnIQ67CgjA%3D%3D?uid=1555067240&filename=215_49_28Jan.pdf&disposition=attachment&hash=&limit=0&content_type=application%2Fpdf&owner_uid=1555067240&fsize=47640&hid=d59d1136951d257e0f68dd826ae0ae66&media_type=document&tknv=v3&is_direct_zip_experiment=1&etag=cd1663c796978937b804823c22707a08,application/pdf,2026-01-19T14:58:15+00:00
216_49_28Jan.pdf,disk:/🏢-🖨️/AERO_206_2016_Attendance/216_49_28Jan.pdf,0.05,47480,2026-01-19 14:58:15,document,https://downloader.disk.yandex.ru/disk/d1ec701a9aa2640f0955f8f3db71a69aedf5609227eed1892b9550dd2c786de2/6a53c72d/hDhpBaxhocr6Dbg5IBj20fQIuKeCl5kLLpXuDHHfUKWzgERZCO5W7JgSzter3lrOwOSFPqb5VA1ls7LMkE50RA%3D%3D?uid=1555067240&filename=216_49_28Jan.pdf&disposition=attachment&hash=&limit=0&content_type=application%2Fpdf&owner_uid=1555067240&fsize=47480&hid=5a2f728c3393e3e8de3dd862f21f4c4e&media_type=document&tknv=v3&is_direct_zip_experiment=1&etag=3b145a1cb945b7f5c97803f382123aa9,application/pdf,2026-01-19T14:58:15+00:00
212_48_27Jan.pdf,disk:/🏢-🖨️/AERO_206_2016_Attendance/212_48_27Jan.pdf,0.05,47451,2026-01-19 14:58:16,document,https://downloader.disk.yandex.ru/disk/7de8a6a7164b4bba3900708ed7302c61ed144a8e4504c7170e295919f95bd21f/6a53c72e/hDhpBaxhocr6Dbg5IBj20QxR4W-exQaMORlasgLhADrVFEVigOeYM-rWTpMdY530TMi4OQQ-3OX3qWUQ95_Elg%3D%3D?uid=1555067240&filename=212_48_27Jan.pdf&disposition=attachment&hash=&limit=0&content_type=application%2Fpdf&owner_uid=1555067240&fsize=47451&hid=c01f7cb48c8cd5043ca785582402f5c1&media_type=document&tknv=v3&is_direct_zip_experiment=1&etag=c0ee9242c290ce81f27357387d92e482,application/pdf,2026-01-19T14:58:16+00:00
214_29_27Jan.pdf,disk:/🏢-🖨️/AERO_206_2016_Attendance/214_29_27Jan.pdf,0.04,40600,2026-01-19 14:58:16,document,https://downloader.disk.yandex.ru/disk/f06adbfc5db20fb7b761a20001eceafcfe5cbfa755ab8e10fc02eb8ddf13f68c/6a53c72e/hDhpBaxhocr6Dbg5IBj20ZMsaTN5Yv_4Y04-p5bbK_FGiCcmhLDTQTcY4Hqp8OtXw47NRrbrlg9qBTlrOKlMXw%3D%3D?uid=1555067240&filename=214_29_27Jan.pdf&disposition=attachment&hash=&limit=0&content_type=application%2Fpdf&owner_uid=1555067240&fsize=40600&hid=2628ccaa27cc01672039fe82432491f3&media_type=document&tknv=v3&is_direct_zip_experiment=1&etag=28671c4ee9d3b2696ea316d37c738367,application/pdf,2026-01-19T14:58:16+00:00
Part 122_No Mapping_ 2nd Half.zip,disk:/🏢-🖨️/AERO_Logical & No Mapping Documents Upload at Portal/Part 122_No Mapping_ 2nd Half.zip,11.58,12137891,2026-01-20 02:51:25,compressed,https://downloader.disk.yandex.ru/disk/39f275219f5c08b5237c089f52fb22b21a52eee13d6368453e288c7f8ec1650a/6a53c730/hDhpBaxhocr6Dbg5IBj20bHJgG9RbiyLh6j10FZKetC5f22P8LBln3qJ6jsqh4NjDVA5QX98-CeZBvp7yjTJkg%3D%3D?uid=1555067240&filename=Part%20122_No%20Mapping_%202nd%20Half.zip&disposition=attachment&hash=&limit=0&content_type=application%2Fzip&owner_uid=1555067240&fsize=12137891&hid=41f41650058b9d8045cd2ab481bb9a09&media_type=compressed&tknv=v3&is_direct_zip_experiment=1&etag=f55fca2daa63bd0a5f47fb30ef1121c1,application/zip,2026-01-20T02:51:25+00:00
PART 122_Logical.zip,disk:/🏢-🖨️/AERO_Logical & No Mapping Documents Upload at Portal/PART 122_Logical.zip,12.85,13473537,2026-01-20 02:53:16,compressed,https://downloader.disk.yandex.ru/disk/8103341272857b2c2dc33585c731f61f101b27d3cf0e98c9b2c6cbd3c7b9b23d/6a53c730/hDhpBaxhocr6Dbg5IBj20XeV1eMG6xJJHIS5dAR4BYxr4RleREw0Wk0dwO9E-NcQBVIyi1X3geojn6KlP_jL6Q%3D%3D?uid=1555067240&filename=PART%20122_Logical.zip&disposition=attachment&hash=&limit=0&content_type=application%2Fzip&owner_uid=1555067240&fsize=13473537&hid=9fef19b69d05660a32865886de943984&media_type=compressed&tknv=v3&is_direct_zip_experiment=1&etag=b88dff6b4acc72ba927f8e8e94e11a40,application/zip,2026-01-20T02:53:16+00:00
PART 86_Logical.rar,disk:/🏢-🖨️/AERO_Logical & No Mapping Documents Upload at Portal/PART 86_Logical.rar,13.04,13669527,2026-01-20 02:53:19,compressed,https://downloader.disk.yandex.ru/disk/9d6b5b73cd6a9566b1f6ab68655c6e9439f6ab14b42d9b99312d5d1eeebd68a2/6a53c731/hDhpBaxhocr6Dbg5IBj20WqPYpnowC9omCJAi1af4eCfFRLVgY7Sn9iRho9Zqua0M1-_D2V5ZGZs2sQeAX-jHg%3D%3D?uid=1555067240&filename=PART%2086_Logical.rar&disposition=attachment&hash=&limit=0&content_type=application%2Fx-rar&owner_uid=1555067240&fsize=13669527&hid=4528addbdf9d21376699346668c1044e&media_type=compressed&tknv=v3&is_direct_zip_experiment=1&etag=6398b653f196a6b6d45a2c81a3f2c936,application/x-rar,2026-01-20T02:53:19+00:00
PART 89_Logical.zip,disk:/🏢-🖨️/AERO_Logical & No Mapping Documents Upload at Portal/PART 89_Logical.zip,18.61,19513200,2026-01-20 02:57:23,compressed,https://downloader.disk.yandex.ru/disk/79f31de9651a1a5ca718371d4088f6f6732435ef82d9deba4b940238de556927/6a53c732/hDhpBaxhocr6Dbg5IBj20VKyuOOC_8MAYQPbSJlTVieveADQUVQjonh-fJbCJKqKVZaozu7ovyyXqDHZ3bvfUA%3D%3D?uid=1555067240&filename=PART%2089_Logical.zip&disposition=attachment&hash=&limit=0&content_type=application%2Fzip&owner_uid=1555067240&fsize=19513200&hid=9e3798c1b8c8304f4a6a8dbedea17d1e&media_type=compressed&tknv=v3&is_direct_zip_experiment=1&etag=d4bc7a796f58d1a469b56695383aad85,application/zip,2026-01-20T02:57:23+00:00
NOTICE BOARD.pdf,disk:/🏢-🖨️/AERO_206_2016_Attendance/NOTICE BOARD.pdf,0.06,63783,2026-01-20 15:58:42,document,https://downloader.disk.yandex.ru/disk/7df107939ff496c1c77a3fdfe78875d364f7dd32c4ecce0e2ecc1a564a64b240/6a53c732/hDhpBaxhocr6Dbg5IBj20c9QRsLlvI01M3w4qXcKc4eJFEMpIbSEfWKKVHkNIC4HWBb5UhCI97BazWa8IwmGdg%3D%3D?uid=1555067240&filename=NOTICE%20BOARD.pdf&disposition=attachment&hash=&limit=0&content_type=application%2Fpdf&owner_uid=1555067240&fsize=63783&hid=40b493ed00fcd6cd6eea0459b829902c&media_type=document&tknv=v3&is_direct_zip_experiment=1&etag=45c1c0b4a88f1745757c42ceaa27b237,application/pdf,2026-01-20T15:58:42+00:00
DESK.pdf,disk:/🏢-🖨️/AERO_206_2016_Attendance/DESK.pdf,0.03,36335,2026-01-20 15:58:43,document,https://downloader.disk.yandex.ru/disk/dbf1c90c962dfcb3ca542049f43d4f7dc7628120b6067d8c154940cda56b2818/6a53c733/hDhpBaxhocr6Dbg5IBj20dTd1EY96ZPfMQEpk_TNjS2QYWWtfE2iS5fT7cNSp-tRrzT68l9LZEjlKI66AC2CiA%3D%3D?uid=1555067240&filename=DESK.pdf&disposition=attachment&hash=&limit=0&content_type=application%2Fpdf&owner_uid=1555067240&fsize=36335&hid=da329bb7c97c3785d0f3d84ce24b2dc7&media_type=document&tknv=v3&is_direct_zip_experiment=1&etag=e7da436016735a3372e8626463b16851,application/pdf,2026-01-20T15:58:43+00:00
1.ALL ATTENDENCE+NOTICE+DESK.pdf,disk:/🏢-🖨️/AERO_206_2016_Attendance/1.ALL ATTENDENCE+NOTICE+DESK.pdf,0.88,922323,2026-01-20 16:01:06,document,https://downloader.disk.yandex.ru/disk/54f2c650c9e3e2341c989782609a83c74005d9ec47678f14f3088ccb4dd1cff7/6a53c734/hDhpBaxhocr6Dbg5IBj20RCpmnor8AaSrUxjHFv8Ik5HciRSojstLNX2KmKPzzwuF9hnowNaJm2TERv9G8CZwA%3D%3D?uid=1555067240&filename=1.ALL%20ATTENDENCE%2BNOTICE%2BDESK.pdf&disposition=attachment&hash=&limit=0&content_type=application%2Fpdf&owner_uid=1555067240&fsize=922323&hid=ec8b77684f62c185420fff68f26865d4&media_type=document&tknv=v3&is_direct_zip_experiment=1&etag=11d5675717dade032951c876a298082a,application/pdf,2026-01-20T16:00:24+00:00
Part 210.rar,disk:/🏢-🖨️/AERO_Logical & No Mapping Documents Upload at Portal/Part 210.rar,20.89,21900666,2026-01-21 12:12:20,compressed,https://downloader.disk.yandex.ru/disk/33cfcb8b3ea796b7448e830bb67c238cb7eeabce2041a65701df4b5de56c376d/6a53c735/hDhpBaxhocr6Dbg5IBj20dix_xsf6-wy4YxXJA6zCnRhQ18II3IaIG67xx6A-bUV-mD5H-28N7WeWf9_vd-bKw%3D%3D?uid=1555067240&filename=Part%20210.rar&disposition=attachment&hash=&limit=0&content_type=application%2Fx-rar&owner_uid=1555067240&fsize=21900666&hid=89aba33bc0066ddfb84c4fb7ff79288f&media_type=compressed&tknv=v3&is_direct_zip_experiment=1&etag=e3dd27379c404df9df6e0e1c6cceaff2,application/x-rar,2026-01-21T12:12:20+00:00
Part_.212.zip,disk:/🏢-🖨️/AERO_Logical & No Mapping Documents Upload at Portal/Part_.212.zip,18.58,19484562,2026-01-26 04:17:06,compressed,https://downloader.disk.yandex.ru/disk/f8914c5f979a73a0b9767988794945aba7f923c2c3c71c4c59bfe4eb1bc9be19/6a53c735/hDhpBaxhocr6Dbg5IBj20VV23bXgdHjo80Fedc3JJ9GGFwxBp8D1Qhp7gbExt7I1wgr67qguqNuQ3mrjOjYSKw%3D%3D?uid=1555067240&filename=Part_.212.zip&disposition=attachment&hash=&limit=0&content_type=application%2Fzip&owner_uid=1555067240&fsize=19484562&hid=1cf358e0a5546e7195f13e3480aa40e2&media_type=compressed&tknv=v3&is_direct_zip_experiment=1&etag=2fac00d2e992454eba4d5489f6f219a5,application/zip,2026-01-26T04:17:06+00:00
Part_.208.zip,disk:/🏢-🖨️/AERO_Logical & No Mapping Documents Upload at Portal/Part_.208.zip,16.59,17393243,2026-01-26 04:19:02,compressed,https://downloader.disk.yandex.ru/disk/54f16089a89be75fde07fd83ac8b3f7b6f0a74dc7fb082dd454343bce411e6fc/6a53c736/hDhpBaxhocr6Dbg5IBj20REdGqbIhU_lMiaAiJyn7dmQ78VdBUOnoNbsj6waav1tg3xdhqr84vB3U0RA1vMAyg%3D%3D?uid=1555067240&filename=Part_.208.zip&disposition=attachment&hash=&limit=0&content_type=application%2Fzip&owner_uid=1555067240&fsize=17393243&hid=1aaa567b565d4e725791866c0167c738&media_type=compressed&tknv=v3&is_direct_zip_experiment=1&etag=94f416d247ecc7355a022348c8f87918,application/zip,2026-01-26T04:19:02+00:00
Part_.210.zip,disk:/🏢-🖨️/AERO_Logical & No Mapping Documents Upload at Portal/Part_.210.zip,19.81,20771416,2026-01-26 04:21:52,compressed,https://downloader.disk.yandex.ru/disk/74603297e000578c2ded64cc6410d3998dc136bc2ffb1526c9a99eb659cec76a/6a53c736/hDhpBaxhocr6Dbg5IBj20Qte9O9JQwxWtJTlJ2DcknSvt4VBCo5evWU35wgmyKoY8S4gutS0mlIF7xkbaglAAA%3D%3D?uid=1555067240&filename=Part_.210.zip&disposition=attachment&hash=&limit=0&content_type=application%2Fzip&owner_uid=1555067240&fsize=20771416&hid=ad759b8de1ef2f26f97be1ddf81bd2e1&media_type=compressed&tknv=v3&is_direct_zip_experiment=1&etag=805988d9bdf1ef34cc16fe4c57f04ae0,application/zip,2026-01-26T04:21:52+00:00
Part_.211.zip,disk:/🏢-🖨️/AERO_Logical & No Mapping Documents Upload at Portal/Part_.211.zip,31.78,33321780,2026-01-26 04:30:51,compressed,https://downloader.disk.yandex.ru/disk/0f5128c1e0829bbfafbebb30b58799277786984bf4cf957a6858d8c6aa66a02d/6a53c737/hDhpBaxhocr6Dbg5IBj20d2cH-YG34SgyyNPqHgyXs-rM5EvK8zY5j3GFLRCt4jqzgeEECUeBGtUkCawKDUjlA%3D%3D?uid=1555067240&filename=Part_.211.zip&disposition=attachment&hash=&limit=0&content_type=application%2Fzip&owner_uid=1555067240&fsize=33321780&hid=28eb5354dc4721a1e37f26451de75429&media_type=compressed&tknv=v3&is_direct_zip_experiment=1&etag=780149da6bc2644efd8d691bf2dac635,application/zip,2026-01-26T04:30:51+00:00
50. DEO-ACTION-NO-MAPPING.pdf,disk:/🏢-🖨️/50. DEO-ACTION-NO-MAPPING.pdf,0.07,68979,2026-02-16 06:24:48,document,https://downloader.disk.yandex.ru/disk/55c912f2c8888c0e64fba42f4d32e9393a992815c68c1d25f1325e314e80b3b3/6a53c738/hDhpBaxhocr6Dbg5IBj20bFpVhujYZfCMCCchPx9Ix5fFkllPZVRzW-wYQQi_mNzuYyU5rdW8_iJzn7S_Fln_g%3D%3D?uid=1555067240&filename=50.%20DEO-ACTION-NO-MAPPING.pdf&disposition=attachment&hash=&limit=0&content_type=application%2Fpdf&owner_uid=1555067240&fsize=68979&hid=fea23b9a08e1bd194b178eb6220d4bbb&media_type=document&tknv=v3&is_direct_zip_experiment=1&etag=68350a9f1873ce80d5b1b3840b30c297,application/pdf,2026-02-16T06:24:28+00:00
51. LOGICAL-PENDING TO PARK.pdf,disk:/🏢-🖨️/51. LOGICAL-PENDING TO PARK.pdf,0.07,72044,2026-02-16 06:25:01,document,https://downloader.disk.yandex.ru/disk/faf5ad18c6b16945cddf77ad5979ed4030719e5c6783dfd2a4fb6797ccd6b62e/6a53c739/hDhpBaxhocr6Dbg5IBj20VwwXwoh-acQxVp_5nMasUNwOf1Runx3dTlK93QZp-3Qad9O0_oeO0eIKbxfFl695A%3D%3D?uid=1555067240&filename=51.%20LOGICAL-PENDING%20TO%20PARK.pdf&disposition=attachment&hash=&limit=0&content_type=application%2Fpdf&owner_uid=1555067240&fsize=72044&hid=ebb531d87741579b855291ded4fb402b&media_type=document&tknv=v3&is_direct_zip_experiment=1&etag=1c8268a6e188e4cf205032a6d97ec4b2,application/pdf,2026-02-16T06:24:28+00:00
52. MADHYAMIK_SCHOOL RECOGNISITION_CENTRE_C.pdf,disk:/🏢-🖨️/52. MADHYAMIK_SCHOOL RECOGNISITION_CENTRE_C.pdf,26.03,27291871,2026-03-06 12:18:12,document,https://downloader.disk.yandex.ru/disk/4b5459d78dbeece65ada73460f87dc912a8afc33b53bb474c7d45a77c13ae0bc/6a53c739/hDhpBaxhocr6Dbg5IBj20fn-JtndqZ8OL6GrjoVIoQp_gw_M8Hfeyb6XOq4_U3kby5KX6LtQVxCeaU6pgKbo3A%3D%3D?uid=1555067240&filename=52.%20MADHYAMIK_SCHOOL%20RECOGNISITION_CENTRE_C.pdf&disposition=attachment&hash=&limit=0&content_type=application%2Fpdf&owner_uid=1555067240&fsize=27291871&hid=5d05874fc148e263ea875d752d959e0c&media_type=document&tknv=v3&is_direct_zip_experiment=1&etag=55fe6ba8612de564df1e63cc26a5c72f,application/pdf,2026-03-06T12:17:51+00:00
53. Madhyamik Claim.pdf,disk:/🏢-🖨️/53. Madhyamik Claim.pdf,8.54,8950625,2026-03-11 07:47:26,document,https://downloader.disk.yandex.ru/disk/2ad0f0506954e7eed26e0b6c4b139336d4ebcf339f79d68ae90b89236c833fa8/6a53c73a/hDhpBaxhocr6Dbg5IBj20cqZw_3ZCVlDcuEu0p7BwJYYY0XgeHGFu7iNuoS0olncyAECQFr2zB7Hti8G_uEaFA%3D%3D?uid=1555067240&filename=53.%20Madhyamik%20Claim.pdf&disposition=attachment&hash=&limit=0&content_type=application%2Fpdf&owner_uid=1555067240&fsize=8950625&hid=b237d153a7d343f4166c582e826bfd9c&media_type=document&tknv=v3&is_direct_zip_experiment=1&etag=1ddcb3688f06cf80d23d1bf4767a23f0,application/pdf,2026-03-11T07:47:03+00:00
54. Polling Personnel_Sadar Urban-1.pdf,disk:/🏢-🖨️/54. Polling Personnel_Sadar Urban-1.pdf,0.05,48066,2026-03-23 06:48:04,document,https://downloader.disk.yandex.ru/disk/f618a1f13d362c082a96c677ed78e8626adef563e2babbbb2f73f7f655e09d31/6a53c73b/hDhpBaxhocr6Dbg5IBj20aiIKOlh8ksHRQ3uEMemP9ng9uXc_ahgSeH9x2cLbfE-BxbRZbOJezJgEEzPwMIUnw%3D%3D?uid=1555067240&filename=54.%20Polling%20Personnel_Sadar%20Urban-1.pdf&disposition=attachment&hash=&limit=0&content_type=application%2Fpdf&owner_uid=1555067240&fsize=48066&hid=6dc3354aa51c31a8452538b25426c2aa&media_type=document&tknv=v3&is_direct_zip_experiment=1&etag=efcbbbcdc37673518fb725dd6e8df4a0,application/pdf,2026-03-23T06:47:53+00:00
54. MCC.pdf,disk:/🏢-🖨️/54. MCC.pdf,0.28,298273,2026-03-25 08:37:11,document,https://downloader.disk.yandex.ru/disk/a43e1f0bd8c2b6784c7328acd9f6afc8d4c10d54074ed327e431583e9e28143b/6a53c73c/hDhpBaxhocr6Dbg5IBj20aygFVb04qz8vVsCQilf892TY3qXQ1UkFbunih3c40b7d-WDCIFkvCa-B94wYFENtg%3D%3D?uid=1555067240&filename=54.%20MCC.pdf&disposition=attachment&hash=&limit=0&content_type=application%2Fpdf&owner_uid=1555067240&fsize=298273&hid=b14f31d3da2158ad16f34099b21d6464&media_type=document&tknv=v3&is_direct_zip_experiment=1&etag=1cdd048cde2a797dd02a56d782cd02ba,application/pdf,2026-03-25T08:36:59+00:00
55. MDM Irregularities Report.pdf,disk:/🏢-🖨️/55. MDM Irregularities Report.pdf,0.32,335963,2026-03-30 02:42:31,document,https://downloader.disk.yandex.ru/disk/86cec2aff6baafce3dc3b1c5a00bf031931b8664ef48c60c665fd044c9bbf30f/6a53c73c/hDhpBaxhocr6Dbg5IBj20dRIYzliWw9pmZUyQ2PxKhvzOk8GCaWMLdiOeKtpTdKa0HKg2X3SULJxQD_F3lIccQ%3D%3D?uid=1555067240&filename=55.%20MDM%20Irregularities%20Report.pdf&disposition=attachment&hash=&limit=0&content_type=application%2Fpdf&owner_uid=1555067240&fsize=335963&hid=c8762eb1cd6f9e95c50917cd6e4d7e7c&media_type=document&tknv=v3&is_direct_zip_experiment=1&etag=6cbb68641dcc7685126a8373a0720d29,application/pdf,2026-03-30T02:42:19+00:00
56. Polling Personnel1_Sadar Urban-1.pdf,disk:/🏢-🖨️/56. Polling Personnel1_Sadar Urban-1.pdf,0.04,44455,2026-03-30 07:58:34,document,https://downloader.disk.yandex.ru/disk/da64a59964d0dff3d78601393f71ec39501e5a5a2a0cc2c31831a7963073332c/6a53c73d/hDhpBaxhocr6Dbg5IBj20ebIDY_CkR5yFRxToMKFMBro4uZgccv2WVIaIr7YkTUYhFmSTzQoKVResk3R2H32JA%3D%3D?uid=1555067240&filename=56.%20Polling%20Personnel1_Sadar%20Urban-1.pdf&disposition=attachment&hash=&limit=0&content_type=application%2Fpdf&owner_uid=1555067240&fsize=44455&hid=5109a4ea52a2943916ecdc105a3ec146&media_type=document&tknv=v3&is_direct_zip_experiment=1&etag=9b96599b3db131f7987c0a36a10f8981,application/pdf,2026-03-30T07:58:20+00:00
57. Polling Personnel (Female)_2_Sadar Urban-1.pdf,disk:/🏢-🖨️/57. Polling Personnel (Female)_2_Sadar Urban-1.pdf,0.04,41971,2026-03-30 12:41:12,document,https://downloader.disk.yandex.ru/disk/5e79c2261eba8baf74888f71e5cd45a606040a1ca2b894263611299254e3eb86/6a53c73e/hDhpBaxhocr6Dbg5IBj20Wqk37K5bM8cWJb-TnLtIJHFdMX1kiTCgSmxwZI2Z1YXdmyi7U4qKWCOT43K9iJCzg%3D%3D?uid=1555067240&filename=57.%20Polling%20Personnel%20%28Female%29_2_Sadar%20Urban-1.pdf&disposition=attachment&hash=&limit=0&content_type=application%2Fpdf&owner_uid=1555067240&fsize=41971&hid=047e561be3ada79907e2c4c0a68b62a1&media_type=document&tknv=v3&is_direct_zip_experiment=1&etag=4b2f559e7ca3201e6bc83b7eabc2f098,application/pdf,2026-03-30T12:39:47+00:00
58. Compliance Report_PP Cell.pdf,disk:/🏢-🖨️/58. Compliance Report_PP Cell.pdf,0.29,299312,2026-04-01 07:09:50,document,https://downloader.disk.yandex.ru/disk/ea5db6c413a397748d646bdcb97a0e32a1d1b9c78d24c7b2b34ce7e8a029ea14/6a53c73f/hDhpBaxhocr6Dbg5IBj20eTQLEfj58BgESaHsfJRO9PREDP1JKckW-QSZliB0BAjMUKPEdHms2NjRswdD-3Wjw%3D%3D?uid=1555067240&filename=58.%20Compliance%20Report_PP%20Cell.pdf&disposition=attachment&hash=&limit=0&content_type=application%2Fpdf&owner_uid=1555067240&fsize=299312&hid=85eb4692d3152c5f8a2bbd07c318882e&media_type=document&tknv=v3&is_direct_zip_experiment=1&etag=4ab79fc10ea1f0fada6b3ffcc9ac7f30,application/pdf,2026-04-01T07:09:37+00:00
59. teachers having B.Ed qualification appointed before 11.08.23.pdf,disk:/🏢-🖨️/59. teachers having B.Ed qualification appointed before 11.08.23.pdf,0.05,53273,2026-04-08 06:13:52,document,https://downloader.disk.yandex.ru/disk/87ee9c202ed670cfd7d9a51d8d84a335b8e33197ca5c71a949abafe1c7bc569e/6a53c73f/hDhpBaxhocr6Dbg5IBj20drZCjx2-xWuh_uhHb99fkzju7g0PyTRzZGpHwkFcy3nb6NF2ABWdnMR27NV9vpguQ%3D%3D?uid=1555067240&filename=59.%20teachers%20having%20B.Ed%20qualification%20appointed%20before%2011.08.23.pdf&disposition=attachment&hash=&limit=0&content_type=application%2Fpdf&owner_uid=1555067240&fsize=53273&hid=e4210a5a3087869e93761099086e3f30&media_type=document&tknv=v3&is_direct_zip_experiment=1&etag=d37e3783edd836575767865246fe56a8,application/pdf,2026-04-08T06:13:37+00:00
60. Employee Nature Rectification.pdf,disk:/🏢-🖨️/60. Employee Nature Rectification.pdf,0.29,307008,2026-04-08 08:10:59,document,https://downloader.disk.yandex.ru/disk/c319b00995baadd42ca32e405334c8e237b44f3a3365a2f59637104d6fb0c5ba/6a53c740/hDhpBaxhocr6Dbg5IBj20d1UFaCGJIAi0aQD7FfBdpBvKvr6qrYGYZabPlodGcYU0yTBO23YFr4zGmoawjYRbQ%3D%3D?uid=1555067240&filename=60.%20Employee%20Nature%20Rectification.pdf&disposition=attachment&hash=&limit=0&content_type=application%2Fpdf&owner_uid=1555067240&fsize=307008&hid=0e8e4fe16dea7f61e973cf9383130d38&media_type=document&tknv=v3&is_direct_zip_experiment=1&etag=7a4c66bd9d8d7419a4dfdc4b97aad8bf,application/pdf,2026-04-08T08:10:48+00:00
FLS 2025-26_Sample Questions Hindi - converted.pdf,disk:/NAS2024_MOCK QUESTION PAPER/FLS 2025-26_Sample Questions Hindi - converted.pdf,1.99,2083780,2026-06-02 04:19:31,document,https://downloader.disk.yandex.ru/disk/d366b25772e0dcf9d2ebd3d995c4ebf688d03105abf104f478be466dc4cdc563/6a53c741/hDhpBaxhocr6Dbg5IBj20f9NyFHhVjoP18y9ATfoBs1pvik3T2zL4HvV03LSQTFwDeOZoC3WBXM4EnlsMFgJ2Q%3D%3D?uid=1555067240&filename=FLS%202025-26_Sample%20Questions%20Hindi%20-%20converted.pdf&disposition=attachment&hash=&limit=0&content_type=application%2Fpdf&owner_uid=1555067240&fsize=2083780&hid=ffc06ebe19703095f2a92258345f8519&media_type=document&tknv=v3&is_direct_zip_experiment=1&etag=b7b2f5a8a28cd72988079a04ad04e202,application/pdf,2026-06-02T04:19:31+00:00
FLS 2025-26_Sample Questions Bengali - converted.pdf,disk:/NAS2024_MOCK QUESTION PAPER/FLS 2025-26_Sample Questions Bengali - converted.pdf,6.48,6792503,2026-06-02 04:19:33,document,https://downloader.disk.yandex.ru/disk/5f33faad712e304582f3a720068fbac74bfd001f20f9c829c7932801482babdd/6a53c741/hDhpBaxhocr6Dbg5IBj20XybJck2E_fw39Y7cbIFZatsHCv4nRYBpa-iW8tuxU6To3jG__t-P74yOrVno56uDg%3D%3D?uid=1555067240&filename=FLS%202025-26_Sample%20Questions%20Bengali%20-%20converted.pdf&disposition=attachment&hash=&limit=0&content_type=application%2Fpdf&owner_uid=1555067240&fsize=6792503&hid=4a3bf999bdde6ee999e501ffe2bfa611&media_type=document&tknv=v3&is_direct_zip_experiment=1&etag=177de17f8c2fc93376d81782a3245030,application/pdf,2026-06-02T04:19:33+00:00
FLS 2025-26_Sample Questions English - converted.pdf,disk:/NAS2024_MOCK QUESTION PAPER/FLS 2025-26_Sample Questions English - converted.pdf,2.13,2229755,2026-06-02 04:19:57,document,https://downloader.disk.yandex.ru/disk/07f7d80e6f5233bdcf50cc27306c7ce8bcdc63c38d3378e0cc782a981923d207/6a53c742/hDhpBaxhocr6Dbg5IBj20bq6O_66pBsPXhaPuz5VMdAJtrB1sD3xARVPMxjlDUcc7fZXNvea0gwphoG53bnbiQ%3D%3D?uid=1555067240&filename=FLS%202025-26_Sample%20Questions%20English%20-%20converted.pdf&disposition=attachment&hash=&limit=0&content_type=application%2Fpdf&owner_uid=1555067240&fsize=2229755&hid=8ec0a4d10cfb37a7c0569c8e7c5087ce&media_type=document&tknv=v3&is_direct_zip_experiment=1&etag=d45c81418418d595d32785610fb21f69,application/pdf,2026-06-02T04:19:32+00:00
School Name with UDISE CODE.pdf,disk:/DATA/OFFICE/School Name with UDISE CODE.pdf,0.03,29116,2026-06-04 17:03:16,document,https://downloader.disk.yandex.ru/disk/ffa3d9eee4dd34a40abc40e57638493182d34a10319438aec3c4c12c1abdb52c/6a53c743/hDhpBaxhocr6Dbg5IBj20frok6TXlobJpAPh-qp0GXrf4n_5UyfAmLUk3vOySCTkiESFZKj4MzZ7sLlHLhIvrQ%3D%3D?uid=1555067240&filename=School%20Name%20with%20UDISE%20CODE.pdf&disposition=attachment&hash=&limit=0&content_type=application%2Fpdf&owner_uid=1555067240&fsize=29116&hid=9d255b691e1b35f2fbfe9cd6f74ecf23&media_type=document&tknv=v3&is_direct_zip_experiment=1&etag=14fd3afead4cd7f1600c5e698e0b488c,application/pdf,2026-06-04T17:03:16+00:00
Asset Declarion LETTER FORMAT.pdf,disk:/DATA/OFFICE/Asset Declarion LETTER FORMAT.pdf,0.04,43502,2026-06-04 17:03:17,document,https://downloader.disk.yandex.ru/disk/f0041940d1d636c22dd926d367fcf9a403e03d945392e9c0efd0c3d74e75f11d/6a53c744/hDhpBaxhocr6Dbg5IBj20TshtFC1PWhiOZYl4PSEo4Ssd53vRc_rh1uV10e8of_x4Mi4EFC0t6ksk0s-H3WsJg%3D%3D?uid=1555067240&filename=Asset%20Declarion%20LETTER%20FORMAT.pdf&disposition=attachment&hash=&limit=0&content_type=application%2Fpdf&owner_uid=1555067240&fsize=43502&hid=f650c04a10eb37f03d8174b807d98351&media_type=document&tknv=v3&is_direct_zip_experiment=1&etag=8739d70f4f38e2e20f3945306d36028f,application/pdf,2026-06-04T17:03:17+00:00
Para Teacher attendence format.pdf,disk:/DATA/OFFICE/Para Teacher attendence format.pdf,0.06,61750,2026-06-04 17:03:17,document,https://downloader.disk.yandex.ru/disk/7c9d0838480205c082602790bed12bec6e17073a438b2ae0766b5a49dfaf7209/6a53c744/hDhpBaxhocr6Dbg5IBj20cV151L7ggXpgC2HYMvS_8hJ9PPgyg81pllmNj6Qz64PUQ4CKsGV0195Ax0X9ZZz8A%3D%3D?uid=1555067240&filename=Para%20Teacher%20attendence%20format.pdf&disposition=attachment&hash=&limit=0&content_type=application%2Fpdf&owner_uid=1555067240&fsize=61750&hid=bfa53e7d955f974855b0c96a83b93eeb&media_type=document&tknv=v3&is_direct_zip_experiment=1&etag=ced04730c49896db8cc65b69191d6139,application/pdf,2026-06-04T17:03:17+00:00
SADAR URBAN AT CONTACT - Sheet1.csv,disk:/DATA/OFFICE/SADAR URBAN AT CONTACT - Sheet1.csv,0.03,32424,2026-06-04 17:03:17,data,https://downloader.disk.yandex.ru/disk/a0299adf87124ce522dda0e713bea2e94403295b967992eddea89f397be63261/6a53c745/hDhpBaxhocr6Dbg5IBj20VoFCUwyLg9NlDjGkN25gagwW_esWuR0MVNxRynO4b6jTFAM4tJNJGZlGlJ4MO1j5w%3D%3D?uid=1555067240&filename=SADAR%20URBAN%20AT%20CONTACT%20-%20Sheet1.csv&disposition=attachment&hash=&limit=0&content_type=text%2Fcsv&owner_uid=1555067240&fsize=32424&hid=62fe139c6b17e347bdf8904bf9004ebe&media_type=data&tknv=v3&is_direct_zip_experiment=1&etag=188975c6473b8b605f64cfdb851e60e6,text/csv,2026-06-04T17:03:17+00:00
contacts.csv,disk:/DATA/OFFICE/contacts.csv,0.04,42177,2026-06-04 17:03:17,data,https://downloader.disk.yandex.ru/disk/70b47991b57e6dc3f5844978e58c888de1ce37ea2b41503767ccb726836bf7e2/6a53c746/hDhpBaxhocr6Dbg5IBj20QfeALEoBykvAt2XXB5gIAN8kknPYH89Ff2hrcFVM35-psU0wcWbGv8E7JDBPAHJ0w%3D%3D?uid=1555067240&filename=contacts.csv&disposition=attachment&hash=&limit=0&content_type=text%2Fcsv&owner_uid=1555067240&fsize=42177&hid=853b9c027d0bc860c45f6b47445d2f18&media_type=data&tknv=v3&is_direct_zip_experiment=1&etag=2d5d9994d2104acddf8e9a367f2486d9,text/csv,2026-06-04T17:03:17+00:00
HT Advertisement_Sadar Urban-I Circle.pdf,disk:/DATA/OFFICE/HT Advertisement_Sadar Urban-I Circle.pdf,0.63,658325,2026-06-04 17:03:19,document,https://downloader.disk.yandex.ru/disk/20e487776529f24de8fb118526b473cca08dcefd6c94001a27210cc12fff801e/6a53c746/hDhpBaxhocr6Dbg5IBj20UmydXhlvAZUjbggi3gPyloyqGYdGrnILIxShsQ8MbiAS4l07j7-fYyUbde1ydJ-uA%3D%3D?uid=1555067240&filename=HT%20Advertisement_Sadar%20Urban-I%20Circle.pdf&disposition=attachment&hash=&limit=0&content_type=application%2Fpdf&owner_uid=1555067240&fsize=658325&hid=a95382daccf691a1dbd948848ae6ab13&media_type=document&tknv=v3&is_direct_zip_experiment=1&etag=2e2b1ac1943dc27fff7d7fddb8248c05,application/pdf,2026-06-04T17:03:19+00:00
Leave_page-0001.jpg,disk:/DATA/OFFICE/Leave_page-0001.jpg,0.27,279087,2026-06-04 17:03:21,image,https://downloader.disk.yandex.ru/disk/8e64c071ea0f799c898f363350799ec3ab5337b35018a17c900b4940916ef204/6a53c747/hDhpBaxhocr6Dbg5IBj20fYYNSTkA5AkZjZ3Ale4OgsXW6CSwfb1FPbCverPnLpay3nAl9Zn8T5rkFvh-qhZtw%3D%3D?uid=1555067240&filename=Leave_page-0001.jpg&disposition=attachment&hash=&limit=0&content_type=image%2Fjpeg&owner_uid=1555067240&fsize=279087&hid=4ac48e495996175d404df6e42c453f91&media_type=image&tknv=v3&is_direct_zip_experiment=1&etag=b511b84abb6ce0feac31c5e1c1f778b1,image/jpeg,2026-06-04T17:03:21+00:00
NTPC APPLY.pdf,disk:/DATA/OFFICE/backup/NTPC APPLY.pdf,0.12,129599,2026-06-04 17:03:22,document,https://downloader.disk.yandex.ru/disk/001a940d588d071cc48c99e03dc9ff48e661ea124f4cef7621c1846ea7edf8e6/6a53c748/hDhpBaxhocr6Dbg5IBj20RZmfKySzFzrIuBr08PXdRjll47-GLOo11hPCaMQF-I6f9iOEGWnjSJQ3bI2UBm6SQ%3D%3D?uid=1555067240&filename=NTPC%20APPLY.pdf&disposition=attachment&hash=&limit=0&content_type=application%2Fpdf&owner_uid=1555067240&fsize=129599&hid=9a276647dc6401cae2f297128c2c3933&media_type=document&tknv=v3&is_direct_zip_experiment=1&etag=fded8f8ced2a7eebaa74ed588f4903d3,application/pdf,2026-06-04T17:03:22+00:00
Bio-Data HT Promotion Panel(1-195).csv,disk:/DATA/OFFICE/backup/Bio-Data HT Promotion Panel(1-195).csv,0.08,80841,2026-06-04 17:03:22,data,https://downloader.disk.yandex.ru/disk/a7c0ed15ea18df7e0cc0394c3852e87b017ae59ae518bc5e24f240faede5427f/6a53c749/hDhpBaxhocr6Dbg5IBj20drHQQzuH-4vTS4gZ5FfKaSQRBbbMZdTTLrwSUac1j7GIKuu-X6b9UCUYcikO5bHnA%3D%3D?uid=1555067240&filename=Bio-Data%20HT%20Promotion%20Panel%281-195%29.csv&disposition=attachment&hash=&limit=0&content_type=text%2Fcsv&owner_uid=1555067240&fsize=80841&hid=017863e76f05fc963f69f8994244e9e6&media_type=data&tknv=v3&is_direct_zip_experiment=1&etag=c656069fb2c9ab85d7761636da596835,text/csv,2026-06-04T17:03:22+00:00
Release Order & Joining Report.pdf,disk:/DATA/OFFICE/backup/Release Order & Joining Report.pdf,0.14,145923,2026-06-04 17:03:22,document,https://downloader.disk.yandex.ru/disk/e9c82133d6b650b2691e4c0af226d20dfb1a3361abab1e116842e871f3f154cd/6a53c749/hDhpBaxhocr6Dbg5IBj20bW-0gDGL_fIxIs5Vd8wF8sfqBz7X0vCFRBtgI-VyxP00KjLySV6a600O2XWcT5fTA%3D%3D?uid=1555067240&filename=Release%20Order%20%26%20Joining%20Report.pdf&disposition=attachment&hash=&limit=0&content_type=application%2Fpdf&owner_uid=1555067240&fsize=145923&hid=a64350c9ea412ed60e57fba69c8b186e&media_type=document&tknv=v3&is_direct_zip_experiment=1&etag=bf6f6328e9e29763bdb2f5ea33231f12,application/pdf,2026-06-04T17:03:22+00:00
bonds-and-the-yield-curve.pdf,disk:/DATA/OFFICE/backup/bonds-and-the-yield-curve.pdf,0.21,218987,2026-06-04 17:03:23,document,https://downloader.disk.yandex.ru/disk/0ee2e664cf61c80b2c2e1f656147c8d00501fe45664effc305cf9d2a776e0a8c/6a53c74a/hDhpBaxhocr6Dbg5IBj20fBn5U7HbnpPjn6jfL0ADmgx6UwXXaNjBZwb1nudhv8idmONOrPPPV1MphQmEz8PHw%3D%3D?uid=1555067240&filename=bonds-and-the-yield-curve.pdf&disposition=attachment&hash=&limit=0&content_type=application%2Fpdf&owner_uid=1555067240&fsize=218987&hid=5d342df257fd97bbee49bb693364c9ad&media_type=document&tknv=v3&is_direct_zip_experiment=1&etag=9cb92e856dd7504f631f6c646e8f581b,application/pdf,2026-06-04T17:03:23+00:00
SECOND_Bio-Data HT Promotion Panel(1-197).xlsx,disk:/DATA/OFFICE/backup/SECOND_Bio-Data HT Promotion Panel(1-197).xlsx,0.06,62471,2026-06-04 17:03:25,document,https://downloader.disk.yandex.ru/disk/c5666f68a83f581d34fa58fcc5f8c1be0361277a93f7ce819d21754a3691a40b/6a53c74b/hDhpBaxhocr6Dbg5IBj20VkMaejyDnrC45NSwebtcHOSFVJ180_gvQqJxNg1hzUOABlthKscIODrN7yEFA9h8w%3D%3D?uid=1555067240&filename=SECOND_Bio-Data%20HT%20Promotion%20Panel%281-197%29.xlsx&disposition=attachment&hash=&limit=0&content_type=application%2Fvnd.openxmlformats-officedocument.spreadsheetml.sheet&owner_uid=1555067240&fsize=62471&hid=c8b2a4be3f9fcb67d17dd8abbb1f1201&media_type=document&tknv=v3&is_direct_zip_experiment=1&etag=50d8fbc50f9500298912890471114d23,application/vnd.openxmlformats-officedocument.spreadsheetml.sheet,2026-06-04T17:03:25+00:00
Confirmation in Service (Sadar Urban- I Circle).pdf,disk:/DATA/OFFICE/backup/Confirmation in Service (Sadar Urban- I Circle).pdf,0.08,81128,2026-06-04 17:03:26,document,https://downloader.disk.yandex.ru/disk/d1af400ddde3628d4342c304a8cef8ec7ec149690b7488b11324290a74215ae8/6a53c74b/hDhpBaxhocr6Dbg5IBj20faYxsrqlyK66jzTb-hgAwcfTFBTdqgy0JQ6-jvqfNzDb-L1IA4GD2kVEbWVISXnEA%3D%3D?uid=1555067240&filename=Confirmation%20in%20Service%20%28Sadar%20Urban-%20I%20Circle%29.pdf&disposition=attachment&hash=&limit=0&content_type=application%2Fpdf&owner_uid=1555067240&fsize=81128&hid=09db6750969662292ba0b583bcdbbcd8&media_type=document&tknv=v3&is_direct_zip_experiment=1&etag=5a93b2047472588ab47456b76d5ce85d,application/pdf,2026-06-04T17:03:26+00:00
Teachers day felicitation.pdf,disk:/DATA/OFFICE/backup/Teachers day felicitation.pdf,0.1,109710,2026-06-04 17:03:26,document,https://downloader.disk.yandex.ru/disk/98e0e2f0d915c7281ac8b9dec57afb9152f2777f88c98a918604364f83f6216f/6a53c74c/hDhpBaxhocr6Dbg5IBj20VUfwv11YyGV2b6A2A9H3UGxBkyokDYn7tpjXwe_kZtAo1Cw3ActqZdZOx--hhMSUA%3D%3D?uid=1555067240&filename=Teachers%20day%20felicitation.pdf&disposition=attachment&hash=&limit=0&content_type=application%2Fpdf&owner_uid=1555067240&fsize=109710&hid=f07bd959d48e9058a0f330ef9fee8a96&media_type=document&tknv=v3&is_direct_zip_experiment=1&etag=17bd16bbcb476f80b82ac2c6b8a532c3,application/pdf,2026-06-04T17:03:26+00:00
SATABDI-SBI PASSBOOK.pdf,disk:/DATA/OFFICE/backup/SATABDI-SBI PASSBOOK.pdf,0.25,265071,2026-06-04 17:03:27,document,https://downloader.disk.yandex.ru/disk/8d4bceab973c8a940b120439c585c56e343fdefd8115531ede6903caab89b07a/6a53c74d/hDhpBaxhocr6Dbg5IBj20dsCEEYv6TQRDeCKIbYkk79DjksBRs5hnwZNhEC_Knk6Uq8ddbH_mImF0lCYhcacVg%3D%3D?uid=1555067240&filename=SATABDI-SBI%20PASSBOOK.pdf&disposition=attachment&hash=&limit=0&content_type=application%2Fpdf&owner_uid=1555067240&fsize=265071&hid=0d4df45bcc134b311f99a2dadefc2774&media_type=document&tknv=v3&is_direct_zip_experiment=1&etag=1ffb3761de215941b5fbcad714305a72,application/pdf,2026-06-04T17:03:27+00:00
HT Advertisement_Sadar Urban-I Circle-1.pdf,disk:/DATA/OFFICE/backup/HT Advertisement_Sadar Urban-I Circle-1.pdf,0.41,434052,2026-06-04 17:03:28,document,https://downloader.disk.yandex.ru/disk/ea6a487f6374058f028a720d8e42d26b9c798ce7fb59d6c3ae21bd9f000fae8b/6a53c74e/hDhpBaxhocr6Dbg5IBj20ZoWkAtH7t-jvjzcSqoTJEzLLQqztob6TLatRsQ787MtXyqB2ZFNdtUS10R_yE7roA%3D%3D?uid=1555067240&filename=HT%20Advertisement_Sadar%20Urban-I%20Circle-1.pdf&disposition=attachment&hash=&limit=0&content_type=application%2Fpdf&owner_uid=1555067240&fsize=434052&hid=d3fd68321fc271ce5ba354da5a927454&media_type=document&tknv=v3&is_direct_zip_experiment=1&etag=c23fd40ebe09ca94b5e2ef71d3f6f24e,application/pdf,2026-06-04T17:03:28+00:00
ErationCard_RKSY-II_RationCardNo_0538253604_77093197_07_07_2024 08 01 54.pdf,disk:/DATA/OFFICE/backup/ErationCard_RKSY-II_RationCardNo_0538253604_77093197_07_07_2024 08 01 54.pdf,1.36,1430755,2026-06-04 17:03:29,document,https://downloader.disk.yandex.ru/disk/672a9911e8c29c6fbbebb47ec8c247d386945957a0c5d025f00b7f942b5b09cd/6a53c74e/hDhpBaxhocr6Dbg5IBj20c3806ShmaNePNRZHE99mWizZXMBmpQSCP7i_rFm1CWsfBjwTLGqczM3OmeKoOls3w%3D%3D?uid=1555067240&filename=ErationCard_RKSY-II_RationCardNo_0538253604_77093197_07_07_2024%2008%2001%2054.pdf&disposition=attachment&hash=&limit=0&content_type=application%2Fpdf&owner_uid=1555067240&fsize=1430755&hid=37176dcc519913e3cf6003e12ab88311&media_type=document&tknv=v3&is_direct_zip_experiment=1&etag=6ee16aa20b095eded9d3b706826a3222,application/pdf,2026-06-04T17:03:29+00:00
UPDATE.gif,disk:/DATA/OFFICE/backup/UPDATE.gif,0.09,94023,2026-06-04 17:03:30,image,https://downloader.disk.yandex.ru/disk/08c307cbb4198c05bbb72e23d68d641b4a6a562baacf77814a7d0f275b88f493/6a53c74f/hDhpBaxhocr6Dbg5IBj20ak2EoRozkH_XMyhMxyfNBuLnQ4J4fSKgoWaXr9urscPWqpPWiy6gp2RjVFlXgmcFg%3D%3D?uid=1555067240&filename=UPDATE.gif&disposition=attachment&hash=&limit=0&content_type=image%2Fgif&owner_uid=1555067240&fsize=94023&hid=d863c642366e1f3b41ccf9cbd76e2f9c&media_type=image&tknv=v3&is_direct_zip_experiment=1&etag=eb3e60a951c98524a69f6441207d6f57,image/gif,2026-06-04T17:03:30+00:00
REMINDER.gif,disk:/DATA/OFFICE/backup/REMINDER.gif,0.89,930067,2026-06-04 17:03:31,image,https://downloader.disk.yandex.ru/disk/d6cd3db7b7bff53572ee0f24636642a6b3cb70ab7284c2d4b6ccc7cc830333a5/6a53c750/2fh53Ks-iykhfKOVlPNrL8KDLsMyQImfdrZkBK07GEee9iZ29ZMYobnnSgSMHnpFW3Y-cyyAKmZy049RcEyS_g%3D%3D?uid=1555067240&filename=REMINDER.gif&disposition=attachment&hash=&limit=0&content_type=image%2Fgif&owner_uid=1555067240&fsize=930067&hid=713de4e13ff4be95b09c1c661941856c&media_type=image&tknv=v3&is_direct_zip_experiment=1&etag=7060f35e1cf03677e6819dc24e3efb97,image/gif,2026-06-04T17:03:31+00:00
Burdwan CMS High School Primary Section.pdf,disk:/DATA/OFFICE/backup/Burdwan CMS High School Primary Section.pdf,0.09,91390,2026-06-04 17:03:34,document,https://downloader.disk.yandex.ru/disk/88cdbe0b81f7e050ac373233fa938b9ee269157ce03008b1bf3d290125eb9386/6a53c751/hDhpBaxhocr6Dbg5IBj20dYRhrN9l4r3hct1qwXnoy4ZjoC7ovsQTcPFu2paIgtpginteqz66m-1lpt9FBPhKQ%3D%3D?uid=1555067240&filename=Burdwan%20CMS%20High%20School%20Primary%20Section.pdf&disposition=attachment&hash=&limit=0&content_type=application%2Fpdf&owner_uid=1555067240&fsize=91390&hid=236cf8b71fa9ff0d044af8318f15161f&media_type=document&tknv=v3&is_direct_zip_experiment=1&etag=46aa08ac0fa2d29add8eb2fa11cbee1f,application/pdf,2026-06-04T17:03:34+00:00
Leave.pdf,disk:/DATA/OFFICE/backup/Leave.pdf,0.06,58111,2026-06-04 17:03:35,document,https://downloader.disk.yandex.ru/disk/a8f6b4b5b735265234dbdff848ecfb76791791ce76677e4aa7afda09b32d39c1/6a53c751/hDhpBaxhocr6Dbg5IBj20QqvmlXb3mLH1sKJUQ2wz0FAIgPQn0_XFhFUD-QAJTxtrO19DZfm3Fb4e_RIS-kuGw%3D%3D?uid=1555067240&filename=Leave.pdf&disposition=attachment&hash=&limit=0&content_type=application%2Fpdf&owner_uid=1555067240&fsize=58111&hid=2ba3db97222bff464b05a80f0f51d11e&media_type=document&tknv=v3&is_direct_zip_experiment=1&etag=0874477a73a8caf5bb2892b44db71c6c,application/pdf,2026-06-04T17:03:35+00:00
www.rrbapply.gov.in.pdf,disk:/DATA/OFFICE/backup/www.rrbapply.gov.in.pdf,0.25,266802,2026-06-04 17:03:35,document,https://downloader.disk.yandex.ru/disk/20562c81063f732d836652a2ddd7a211703e8c2544c79d53791310768a8b7744/6a53c752/hDhpBaxhocr6Dbg5IBj20ac-u15kO0oZXMQHd9iAT58oKgYeq4l2pEpn137mV1QNHGJENYVqDxF-Cil9Pjv19Q%3D%3D?uid=1555067240&filename=www.rrbapply.gov.in.pdf&disposition=attachment&hash=&limit=0&content_type=application%2Fpdf&owner_uid=1555067240&fsize=266802&hid=346ee853c63b4a1b96bcb770d372edce&media_type=document&tknv=v3&is_direct_zip_experiment=1&etag=a56fe6dcdac37d2b80132be3ddc2d749,application/pdf,2026-06-04T17:03:35+00:00
Acknowledgement_Self_Appraisal_Report.pdf,disk:/DATA/OFFICE/backup/Acknowledgement_Self_Appraisal_Report.pdf,0.22,227485,2026-06-04 17:03:36,document,https://downloader.disk.yandex.ru/disk/4d3748bfdb0d860b0759106eea82138055141e4e33404e778f43fe47ba67ae14/6a53c753/hDhpBaxhocr6Dbg5IBj20aJawU9OK41XtS0I9YqFewBL-_SOs2FIG4E57JRAaFmnTF14TZMYF80jGp4P5kDVNQ%3D%3D?uid=1555067240&filename=Acknowledgement_Self_Appraisal_Report.pdf&disposition=attachment&hash=&limit=0&content_type=application%2Fpdf&owner_uid=1555067240&fsize=227485&hid=132d7899de2a83636e4b8c23fd109eaa&media_type=document&tknv=v3&is_direct_zip_experiment=1&etag=7fafd0ccb01086b3f768ab56153db0c8,application/pdf,2026-06-04T17:03:36+00:00
Self_Appraisal_Report.pdf,disk:/DATA/OFFICE/backup/Self_Appraisal_Report.pdf,0.23,243372,2026-06-04 17:03:36,document,https://downloader.disk.yandex.ru/disk/16eeb4ecad672112f9043391532af2d2b1c1bcaf9bd5a6af76b5ae7fd0800ada/6a53c754/hDhpBaxhocr6Dbg5IBj20Y2J8v4Bw7Zku8REY3_DNlOrrU8nAZ0pnpBnm5tGiUsuKhzZMrdHSb9Fa5ZIUGc_Qw%3D%3D?uid=1555067240&filename=Self_Appraisal_Report.pdf&disposition=attachment&hash=&limit=0&content_type=application%2Fpdf&owner_uid=1555067240&fsize=243372&hid=34e0f29f1c822f235a874310dc8f2276&media_type=document&tknv=v3&is_direct_zip_experiment=1&etag=ddc94652050ad5de934baeb531368483,application/pdf,2026-06-04T17:03:36+00:00
FOOD SI.pdf,disk:/DATA/OFFICE/backup/FOOD SI.pdf,0.23,241180,2026-06-04 17:03:37,document,https://downloader.disk.yandex.ru/disk/fe1efc41574cfdf50ca74c194636f6e9e209db03d642a8996f51c1ea8d898a5d/6a53c755/hDhpBaxhocr6Dbg5IBj20b_uCV8R4q3ErKbRvBF1p9_fkqMltBADyzQkJgBpUHEz2Ps9JRN-u_F1YU1meA0l-w%3D%3D?uid=1555067240&filename=FOOD%20SI.pdf&disposition=attachment&hash=&limit=0&content_type=application%2Fpdf&owner_uid=1555067240&fsize=241180&hid=32c2ff525c5aae766f19c5663e477570&media_type=document&tknv=v3&is_direct_zip_experiment=1&etag=a827f479f2d59fb7496b9551fa7ab74d,application/pdf,2026-06-04T17:03:37+00:00
Letter Head header and footer.pdf,disk:/DATA/OFFICE/backup/Letter Head header and footer.pdf,0.1,104923,2026-06-04 17:03:38,document,https://downloader.disk.yandex.ru/disk/b4084691ec802aa4fb6dbad339d79050dce0bf1138c4e143a24c4ccec5a77b83/6a53c755/hDhpBaxhocr6Dbg5IBj20ZSKwF_LSh85zydmawJayWEKifNqRA5W5QrhDwfrGkoZhcpOr69GeF7DeZCrW6DWMQ%3D%3D?uid=1555067240&filename=Letter%20Head%20header%20and%20footer.pdf&disposition=attachment&hash=&limit=0&content_type=application%2Fpdf&owner_uid=1555067240&fsize=104923&hid=75e9c9fc01504a76756772ce9ad56bf2&media_type=document&tknv=v3&is_direct_zip_experiment=1&etag=53488484ef94caf66a00663cb024bad5,application/pdf,2026-06-04T17:03:38+00:00
psc clerkship.pdf,disk:/DATA/OFFICE/backup/psc clerkship.pdf,0.07,72794,2026-06-04 17:03:40,document,https://downloader.disk.yandex.ru/disk/9ade88560b728a2633bdc88d17a532305e98f57e85f5afdb7da2a673d3fbee76/6a53c756/hDhpBaxhocr6Dbg5IBj20Vcpnc71mADPr14WBBUDS8RPyr2Zf0SP0Ov72ZfgQcRP09EBFN7JO7-ag3XaqdVreg%3D%3D?uid=1555067240&filename=psc%20clerkship.pdf&disposition=attachment&hash=&limit=0&content_type=application%2Fpdf&owner_uid=1555067240&fsize=72794&hid=3bfde0e3eeb99ce0feaae091007acf27&media_type=document&tknv=v3&is_direct_zip_experiment=1&etag=c0a1224d8bbe7a84a4dddf57ca5f78f0,application/pdf,2026-06-04T17:03:40+00:00
Food Si.png.pdf,disk:/DATA/OFFICE/backup/Food Si.png.pdf,0.26,270888,2026-06-04 17:03:42,document,https://downloader.disk.yandex.ru/disk/cec60792fb549b48758fc86575689b1c254b529ca3b1e3cde45fe28c73711a45/6a53c757/hDhpBaxhocr6Dbg5IBj20Y-_njBzZEenKgyoXEdiceTXgZYd2BKT8LH9Jl0WlLAwTTilOxziB2tyn39MlFwXLQ%3D%3D?uid=1555067240&filename=Food%20Si.png.pdf&disposition=attachment&hash=&limit=0&content_type=application%2Fpdf&owner_uid=1555067240&fsize=270888&hid=8f1f055a5ef3546b08a5bae7d966bf2c&media_type=document&tknv=v3&is_direct_zip_experiment=1&etag=82826d1bb45080f70ecfea25a9d6babd,application/pdf,2026-06-04T17:03:42+00:00
3150_SADAR URBAN-I_PLACEMENT OF TEACHER.pdf,disk:/DATA/OFFICE/backup/3150_SADAR URBAN-I_PLACEMENT OF TEACHER.pdf,0.3,311145,2026-06-04 17:03:44,document,https://downloader.disk.yandex.ru/disk/9ab85f754dd060e4d2c4488ec14fa691775f71e9fe93c13eb366ffe7f0f18e95/6a53c757/hDhpBaxhocr6Dbg5IBj20fkFK9kpx8fO0MUfwhCN5awnzKb4mCnAVywmfuZHw1_8OYO5mXqN6MYtDiSZq0-9UA%3D%3D?uid=1555067240&filename=3150_SADAR%20URBAN-I_PLACEMENT%20OF%20TEACHER.pdf&disposition=attachment&hash=&limit=0&content_type=application%2Fpdf&owner_uid=1555067240&fsize=311145&hid=2496b07b1ce487d656978e9a932c216b&media_type=document&tknv=v3&is_direct_zip_experiment=1&etag=b96408afecb817194fab476953d18df5,application/pdf,2026-06-04T17:03:44+00:00
Amar.pdf,disk:/DATA/OFFICE/backup/Amar.pdf,0.1,102338,2026-06-04 17:03:45,document,https://downloader.disk.yandex.ru/disk/7cbea63529634241fdf06f1bd097186552e4bc5b671b25fbfb3876c5500c36b9/6a53c758/hDhpBaxhocr6Dbg5IBj20WBX42T9vh04C9HdA7ux5lPn9ZvyMQePgsTg8sZe8udJaNA1QtCQ_ZbJDrtQouaJCg%3D%3D?uid=1555067240&filename=Amar.pdf&disposition=attachment&hash=&limit=0&content_type=application%2Fpdf&owner_uid=1555067240&fsize=102338&hid=392ae2e43223291291a809a2d3e7ec6f&media_type=document&tknv=v3&is_direct_zip_experiment=1&etag=23d0a3517485012e2b126e0254ec3b2f,application/pdf,2026-06-04T17:03:45+00:00
Bio-Data HT Promotion Panel(1-197).csv,disk:/DATA/OFFICE/backup/Bio-Data HT Promotion Panel(1-197).csv,0.08,80144,2026-06-04 17:03:45,data,https://downloader.disk.yandex.ru/disk/75cb086f608fe5091b821c2ae56d5f7827dedf6b30f9ad6b6223658ee033c1f7/6a53c759/hDhpBaxhocr6Dbg5IBj20RcHJCSocKLiDc-KhPBMQvhit_rwkDVy33_iF8RBi70cMyLg3RvVenQYkj46C2L1qA%3D%3D?uid=1555067240&filename=Bio-Data%20HT%20Promotion%20Panel%281-197%29.csv&disposition=attachment&hash=&limit=0&content_type=text%2Fcsv&owner_uid=1555067240&fsize=80144&hid=e94dcbdc2f1761b73a98fc36d1c91624&media_type=data&tknv=v3&is_direct_zip_experiment=1&etag=ac86b814efb897f7f9bdac69af575f12,text/csv,2026-06-04T17:03:45+00:00
WhatsApp Chat with Work Station 👩🏻‍💼💼.txt,disk:/DATA/OFFICE/backup/WhatsApp Chat with Work Station 👩🏻‍💼💼.txt,1.31,1373102,2026-06-04 17:03:47,document,https://downloader.disk.yandex.ru/disk/7246100d624f8b14bae7d63a495a3affd9545fcef7883f061927743995effe28/6a53c759/hDhpBaxhocr6Dbg5IBj20dbCzaiZiQw_oB3dX7ycnJIOIMcPnfvq3BBNtnNjguIN445UtA-MbHpe_f-xzNFVNQ%3D%3D?uid=1555067240&filename=WhatsApp%20Chat%20with%20Work%20Station%20%F0%9F%91%A9%F0%9F%8F%BB%E2%80%8D%F0%9F%92%BC%F0%9F%92%BC.txt&disposition=attachment&hash=&limit=0&content_type=text%2Fplain&owner_uid=1555067240&fsize=1373102&hid=42004ac5a785747c2ac928e199da90fc&media_type=document&tknv=v3&is_direct_zip_experiment=1&etag=b0f00882c32e080f00ba051227ce869f,text/plain,2026-06-04T17:03:47+00:00
Inspection Report.pdf,disk:/DATA/OFFICE/backup/Inspection Report.pdf,6.89,7225786,2026-06-04 17:03:50,document,https://downloader.disk.yandex.ru/disk/e8bd6bfa371d01b3327e56e76fe98db7222cb20ec5c65b13dbd37691a3f4982e/6a53c75a/hDhpBaxhocr6Dbg5IBj20cvZUiX6BgpO0k0AD_4KpPYhNw1OSSnKbsKXS_zHi2e57LMQSFpS0970-diW9Zj8tQ%3D%3D?uid=1555067240&filename=Inspection%20Report.pdf&disposition=attachment&hash=&limit=0&content_type=application%2Fpdf&owner_uid=1555067240&fsize=7225786&hid=6dcb07f826b196bc7db66c89ed538ddd&media_type=document&tknv=v3&is_direct_zip_experiment=1&etag=c190dc59867a2b4f14ef3b136fc1ead1,application/pdf,2026-06-04T17:03:50+00:00
H.T COUNSELLING.pdf,disk:/DATA/OFFICE/backup/H.T COUNSELLING.pdf,3.98,4175737,2026-06-04 17:03:51,document,https://downloader.disk.yandex.ru/disk/7a7258f26764827e96ac5df8a69010b9e4b75027df724880b94f0227a66b169d/6a53c75b/hDhpBaxhocr6Dbg5IBj20cAGAa5FHuIj-YjILwRuGU8p-NMZ7pz1lV3vg3tMRjeVHhKnmyVeQMFPxikNlQpCPg%3D%3D?uid=1555067240&filename=H.T%20COUNSELLING.pdf&disposition=attachment&hash=&limit=0&content_type=application%2Fpdf&owner_uid=1555067240&fsize=4175737&hid=5e1f6d1ff236be7840098dd1b29f5f7d&media_type=document&tknv=v3&is_direct_zip_experiment=1&etag=11f6d404640d3f992dafb66f5a508aea,application/pdf,2026-06-04T17:03:51+00:00
HT 2nd.pdf,disk:/DATA/OFFICE/backup/HT 2nd.pdf,0.09,98549,2026-06-04 17:03:51,document,https://downloader.disk.yandex.ru/disk/fae9952871f814d760802740011007760ba5c1ef52d99ed17d94ad6da9d1cd25/6a53c75c/hDhpBaxhocr6Dbg5IBj20aRUsHzSQGzEAyuwDQJYSRnCNMBxjzbP8YZnT4ocDRb0_mMs2ljMW6Lbf-YGCBPANQ%3D%3D?uid=1555067240&filename=HT%202nd.pdf&disposition=attachment&hash=&limit=0&content_type=application%2Fpdf&owner_uid=1555067240&fsize=98549&hid=873a48f7f5ff32ce927cb7d62ce96e50&media_type=document&tknv=v3&is_direct_zip_experiment=1&etag=6237e066dbcc062da791308582bf6dba,application/pdf,2026-06-04T17:03:51+00:00
Treasury Permission_page-0001.jpg.pdf,disk:/DATA/OFFICE/backup/Treasury Permission_page-0001.jpg.pdf,0.31,322530,2026-06-04 17:03:52,document,https://downloader.disk.yandex.ru/disk/bc18ab04d4fe656a0410c8491461b73dcc110b3e6ab4485a2d3d0043fbc75279/6a53c75d/hDhpBaxhocr6Dbg5IBj20dmtbdh2PXtp9UgTCGP4osfTGmhnkJKHhTOt5r7UGD5ft252nuXAF0om1ZfV2KoDpw%3D%3D?uid=1555067240&filename=Treasury%20Permission_page-0001.jpg.pdf&disposition=attachment&hash=&limit=0&content_type=application%2Fpdf&owner_uid=1555067240&fsize=322530&hid=68ee6fe3802da7ca7acb4e61b1154610&media_type=document&tknv=v3&is_direct_zip_experiment=1&etag=80d1ef39af9441bd3e1b966308997608,application/pdf,2026-06-04T17:03:52+00:00
Abuse Report_merged.pdf,disk:/DATA/OFFICE/backup/Abuse Report_merged.pdf,0.74,772475,2026-06-04 17:03:53,document,https://downloader.disk.yandex.ru/disk/d61dcba17233764a47f74ea76f7e027cac79941f24bbbb34f5f5d3b162622e82/6a53c75d/hDhpBaxhocr6Dbg5IBj20TLg3w-LAG_CT9y_FaB10VzDluGrBG8tNlQlk8cCedMYGgs3KJsZrnPd6ANkGfrzhw%3D%3D?uid=1555067240&filename=Abuse%20Report_merged.pdf&disposition=attachment&hash=&limit=0&content_type=application%2Fpdf&owner_uid=1555067240&fsize=772475&hid=15db491422e8e963d50ce46d93b6b649&media_type=document&tknv=v3&is_direct_zip_experiment=1&etag=bd387951c69ac0ae54351f03242642bc,application/pdf,2026-06-04T17:03:53+00:00
Satabdi Dutta Joining Report.jpg,disk:/DATA/OFFICE/backup/Satabdi Dutta Joining Report.jpg,0.18,192879,2026-06-04 17:03:53,image,https://downloader.disk.yandex.ru/disk/e22dea2933c858396ea9f94894749a02b23eb5ea3ef9a587365a50e5225fec3b/6a53c75e/hDhpBaxhocr6Dbg5IBj20YXu7KkOm8sUOsQtfhCJ35YO5GXCHi0M_DHQPhnSSC8A7gBjQ4AnBn8PRT9KF6jssw%3D%3D?uid=1555067240&filename=Satabdi%20Dutta%20Joining%20Report.jpg&disposition=attachment&hash=&limit=0&content_type=image%2Fjpeg&owner_uid=1555067240&fsize=192879&hid=442b02e9b3f6aa894c958b84925bb68f&media_type=image&tknv=v3&is_direct_zip_experiment=1&etag=0af7e95c5e7569433fa3f378ce1f2b13,image/jpeg,2026-06-04T17:03:53+00:00
Confirmation in Service (Sadar Urban I Circle).xls,disk:/DATA/OFFICE/backup/Confirmation in Service (Sadar Urban I Circle).xls,0.06,57856,2026-06-04 17:03:58,document,https://downloader.disk.yandex.ru/disk/c1c257f33dda64b25caaff6569bfb10a3081ddf61a4fb4bdf0f985457e54d3b9/6a53c75f/hDhpBaxhocr6Dbg5IBj20Zwm3rNR0WqsBjih6uj8LBaZHs0AaHcETexmfawZYiXXpavozXIjDaMYZjlP42765Q%3D%3D?uid=1555067240&filename=Confirmation%20in%20Service%20%28Sadar%20Urban%20I%20Circle%29.xls&disposition=attachment&hash=&limit=0&content_type=application%2Fvnd.ms-excel&owner_uid=1555067240&fsize=57856&hid=f092a3fc2b155da7189ed85062e11807&media_type=document&tknv=v3&is_direct_zip_experiment=1&etag=1aa727007de744e4db76128283c92589,application/vnd.ms-excel,2026-06-04T17:03:58+00:00
Verrification Service Certificate.pdf,disk:/DATA/OFFICE/backup/Verrification Service Certificate.pdf,0.09,97380,2026-06-04 17:04:00,document,https://downloader.disk.yandex.ru/disk/4cd324a8557200e698392217c77cd7997ff1c5657a05b2afd12707651c749758/6a53c760/hDhpBaxhocr6Dbg5IBj20cL8xhY8WNZAab-oS98jHbXvprV_pWUR1tWDIWFmIeQMsZ4tcTzqzAIxEifPZtV6aQ%3D%3D?uid=1555067240&filename=Verrification%20Service%20Certificate.pdf&disposition=attachment&hash=&limit=0&content_type=application%2Fpdf&owner_uid=1555067240&fsize=97380&hid=766956de7ef26a91592cced7e93d5756&media_type=document&tknv=v3&is_direct_zip_experiment=1&etag=7995cc0c6afd4200eb0ab2af2bdef8b3,application/pdf,2026-06-04T17:04:00+00:00
Food SI admit Card(Potrait).pdf,disk:/DATA/OFFICE/backup/Food SI admit Card(Potrait).pdf,0.23,237536,2026-06-04 17:04:01,document,https://downloader.disk.yandex.ru/disk/6f379a106d5618bc41348a972755232c9bc205ae15ab1ad8ca1171ccfbb07802/6a53c760/hDhpBaxhocr6Dbg5IBj20YyPiszuoP1iYnclHmdb_ut3RZh_ALXfChaSgg1SaRVWLv2gOuAHchC2Vq1-dR_nBQ%3D%3D?uid=1555067240&filename=Food%20SI%20admit%20Card%28Potrait%29.pdf&disposition=attachment&hash=&limit=0&content_type=application%2Fpdf&owner_uid=1555067240&fsize=237536&hid=3403fd750fc00e9c5d563d5d8a30ce7f&media_type=document&tknv=v3&is_direct_zip_experiment=1&etag=a46297a5f21d2675cb1855529aa0bd98,application/pdf,2026-06-04T17:04:01+00:00
Sadar Urban 1 blog theme.xml,disk:/DATA/OFFICE/backup/Sadar Urban 1 blog theme.xml,0.13,133854,2026-06-04 17:04:01,data,https://downloader.disk.yandex.ru/disk/0997b80f82317a05ad80f8b7893da2a2804f3fffa6171553140809970bdaf0f5/6a53c761/hDhpBaxhocr6Dbg5IBj20dIR0vI1MTGX3wjz90k5qZN_b1fhDmh086f5sJgsNVgIMKzvLL4gAs8C56Jd-aZiIA%3D%3D?uid=1555067240&filename=Sadar%20Urban%201%20blog%20theme.xml&disposition=attachment&hash=&limit=0&content_type=text%2Fxml&owner_uid=1555067240&fsize=133854&hid=d0a585ff81dc9f8cfb1c9ba6478a4842&media_type=data&tknv=v3&is_direct_zip_experiment=1&etag=d963e4a8ee54b921205eb7d1d60b6d96,text/xml,2026-06-04T17:04:01+00:00
ONLY MY TEXT.docx,disk:/DATA/OFFICE/backup/ONLY MY TEXT.docx,0.06,67452,2026-06-04 17:04:03,document,https://downloader.disk.yandex.ru/disk/efa245c7e2bc3a6eff85c2d8f586adb6638f09b28a4f60935426c35d35535cbb/6a53c762/hDhpBaxhocr6Dbg5IBj20XXoyYz9T0Ewl7D7mcGoNvTLJYuLRP-DbZGEAY9swSY2qyJwygSC8o8hdcQnI9YmHQ%3D%3D?uid=1555067240&filename=ONLY%20MY%20TEXT.docx&disposition=attachment&hash=&limit=0&content_type=application%2Fvnd.openxmlformats-officedocument.wordprocessingml.document&owner_uid=1555067240&fsize=67452&hid=38a0a95a1f01e1a808fdd59599d6edc3&media_type=document&tknv=v3&is_direct_zip_experiment=1&etag=841ef0e3b30bd6682209957a2473ba97,application/vnd.openxmlformats-officedocument.wordprocessingml.document,2026-06-04T17:04:03+00:00
imgonline-com-ua-twotoone-zIlvDN0Tihx9JtOi.jpg,disk:/DATA/OFFICE/backup/imgonline-com-ua-twotoone-zIlvDN0Tihx9JtOi.jpg,1.04,1088516,2026-06-04 17:04:03,image,https://downloader.disk.yandex.ru/disk/cda6f9c0e5a863eb30be525383d10de4bd74bde9f725082a7bcda94562b2f5af/6a53c764/hDhpBaxhocr6Dbg5IBj20Sl7fOuIp5smwRafb39V3VmqP4XTastjZT8PZIM0J12TbGFiXX1EEd0b3wt7vHf4MA%3D%3D?uid=1555067240&filename=imgonline-com-ua-twotoone-zIlvDN0Tihx9JtOi.jpg&disposition=attachment&hash=&limit=0&content_type=image%2Fjpeg&owner_uid=1555067240&fsize=1088516&hid=5b6a003577859a81291af17a32f30e85&media_type=image&tknv=v3&is_direct_zip_experiment=1&etag=20e5f36dd0dbf02ab3b92a89e0436e0c,image/jpeg,2026-06-04T17:04:03+00:00
Screenshot 2024-07-12 at 15-05-48 Gmail - Request to to inquire the complaint lodged by Maya Roy Dhara .png,disk:/DATA/OFFICE/backup/Screenshot 2024-07-12 at 15-05-48 Gmail - Request to to inquire the complaint lodged by Maya Roy Dhara .png,2.8,2931220,2026-06-04 17:04:05,image,https://downloader.disk.yandex.ru/disk/5dea92421e8030dbdef9ab4103bd0ff2235bb650682acc807e152b21fad3c172/6a53c764/hDhpBaxhocr6Dbg5IBj20WexUZS3lfnfGwZa5Qt8ayz68O4GGE3hssiaqFL7cUFloNYFlRYNvwXWWwyyj2rnJQ%3D%3D?uid=1555067240&filename=Screenshot%202024-07-12%20at%2015-05-48%20Gmail%20-%20Request%20to%20to%20inquire%20the%20complaint%20lodged%20by%20Maya%20Roy%20Dhara%20.png&disposition=attachment&hash=&limit=0&content_type=image%2Fpng&owner_uid=1555067240&fsize=2931220&hid=dfce7605965f24fe526d1a0d2c730b8b&media_type=image&tknv=v3&is_direct_zip_experiment=1&etag=028f8df3b3e8e511e690f7bb66e1e0c2,image/png,2026-06-04T17:04:05+00:00
bank.png,disk:/DATA/OFFICE/backup/bank.png,0.2,208236,2026-06-04 17:04:05,image,https://downloader.disk.yandex.ru/disk/dc07164b026fcfb0e3e3417ba05dda73506d7d9e5c641dc326dde0811d5de65f/6a53c765/hDhpBaxhocr6Dbg5IBj20XEYw4wwoYMlU_esZ0u4x7B5daZCwzp7zC0zUxdCOTMpud22WT4nQQZ0yEZbqVb3oA%3D%3D?uid=1555067240&filename=bank.png&disposition=attachment&hash=&limit=0&content_type=image%2Fpng&owner_uid=1555067240&fsize=208236&hid=c996a15f01081232d6db186f3677365c&media_type=image&tknv=v3&is_direct_zip_experiment=1&etag=7d36f679dfd689719c88886b0a4d9b5b,image/png,2026-06-04T17:04:05+00:00
ONLY MY TEXT.txt,disk:/DATA/OFFICE/backup/ONLY MY TEXT.txt,0.11,119814,2026-06-04 17:04:06,document,https://downloader.disk.yandex.ru/disk/82c2484d2bb0101bc8243a11810523e374527379d629772aac834c5291c7dc80/6a53c766/hDhpBaxhocr6Dbg5IBj20V0S4_FL3orD9HWgwlAIHE_ChRkUnbMNNC_8Q0OPvAzOOGeNJs9ItbxiEIbntQXPqw%3D%3D?uid=1555067240&filename=ONLY%20MY%20TEXT.txt&disposition=attachment&hash=&limit=0&content_type=text%2Fplain&owner_uid=1555067240&fsize=119814&hid=957a7b143cf106505f736e7eee4da411&media_type=document&tknv=v3&is_direct_zip_experiment=1&etag=3c48384aa36530e70b62f947d6606bf1,text/plain,2026-06-04T17:04:06+00:00
Ram Vidya.+Santana+dpsc.pdf,disk:/DATA/OFFICE/backup/Ram Vidya.+Santana+dpsc.pdf,0.11,110487,2026-06-04 17:04:06,document,https://downloader.disk.yandex.ru/disk/40ff9c3e48cc35e3a0c7ee708e328091cd24c628649500e196fb1f2deae211e0/6a53c766/hDhpBaxhocr6Dbg5IBj20YvN3oSoNaam-a719gnovgKwuJX-aKGUcsWm2lsJeYQDXd3IYFY28mGgDlWuN5Nu3w%3D%3D?uid=1555067240&filename=Ram%20Vidya.%2BSantana%2Bdpsc.pdf&disposition=attachment&hash=&limit=0&content_type=application%2Fpdf&owner_uid=1555067240&fsize=110487&hid=37fd0bec44450e20913975f8546b6735&media_type=document&tknv=v3&is_direct_zip_experiment=1&etag=4fb2a5d1becb0e579d7a40543a203134,application/pdf,2026-06-04T17:04:06+00:00
Absentee Declaration.pdf,disk:/DATA/OFFICE/backup/Absentee Declaration.pdf,0.05,51948,2026-06-04 17:04:08,document,https://downloader.disk.yandex.ru/disk/3c8b13c5dadd22feda25f57f8f4e7aaf784680948b4f40cbb24522ce7b45150c/6a53c767/hDhpBaxhocr6Dbg5IBj20emskyU7Nz2V5aYZ6TvtVLAZmDfU5CfaFuYcmQ_oMiAy3zcOSVG7zvc1oTpCdwWoTg%3D%3D?uid=1555067240&filename=Absentee%20Declaration.pdf&disposition=attachment&hash=&limit=0&content_type=application%2Fpdf&owner_uid=1555067240&fsize=51948&hid=f3d07c3c9385f8a1da83f3b4562d6bf2&media_type=document&tknv=v3&is_direct_zip_experiment=1&etag=d97211777195f46a716391714f8ae07a,application/pdf,2026-06-04T17:04:08+00:00
WhatsApp Image 2024-08-27 at 11.08.12.jpeg,disk:/DATA/OFFICE/backup/WhatsApp Image 2024-08-27 at 11.08.12.jpeg,0.53,552677,2026-06-04 17:04:08,image,https://downloader.disk.yandex.ru/disk/37a294186207d917e0dc92d1409e807b0849ec8fc15b01f52cb09a5a0eb6a0bf/6a53c768/hDhpBaxhocr6Dbg5IBj20crrOGXVXzeU8AKyq3lgZg2syGpl87KKW7acgzMKXo7ll_uVOMRDIziTx5CyG7eQ2g%3D%3D?uid=1555067240&filename=WhatsApp%20Image%202024-08-27%20at%2011.08.12.jpeg&disposition=attachment&hash=&limit=0&content_type=image%2Fjpeg&owner_uid=1555067240&fsize=552677&hid=c9577917f1421507e0dab6b1dc5de4e2&media_type=image&tknv=v3&is_direct_zip_experiment=1&etag=130a29ef7d35d53f6d9af02a254fbd02,image/jpeg,2026-06-04T17:04:08+00:00
ht marks - Sheet80.csv,disk:/DATA/OFFICE/backup/ht marks - Sheet80.csv,0.0,3533,2026-06-04 17:04:08,data,https://downloader.disk.yandex.ru/disk/a51bc617569bc018d8c2961474078f1ca00dbaf2832a80fd80f361caee004b0a/6a53c768/hDhpBaxhocr6Dbg5IBj20c29B0j0XYL3mKC19u8GSim0X-VO0murzhBfM4hgkywPkd4izPPV8T-KwUEhxM5x8A%3D%3D?uid=1555067240&filename=ht%20marks%20-%20Sheet80.csv&disposition=attachment&hash=&limit=0&content_type=text%2Fcsv&owner_uid=1555067240&fsize=3533&hid=93e0270fc602113df3df313e7bca7fee&media_type=data&tknv=v3&is_direct_zip_experiment=1&etag=428b74bf7f80d0ee455b5a448927869e,text/csv,2026-06-04T17:04:08+00:00
Bio-Data HT Promotion Panel(1-197).xlsx,disk:/DATA/OFFICE/backup/Bio-Data HT Promotion Panel(1-197).xlsx,0.05,51970,2026-06-04 17:04:10,document,https://downloader.disk.yandex.ru/disk/9dcadeee9b56139a926f77fc597bb1f7275f9ee26f9aead74fd6bbbcdf3e992f/6a53c769/hDhpBaxhocr6Dbg5IBj20aQ2cE1QGJSgckJHTg6wpMCT7J7NCkERMwsuQDyqbd2benwPNAsVImZBztDTnNq3Yw%3D%3D?uid=1555067240&filename=Bio-Data%20HT%20Promotion%20Panel%281-197%29.xlsx&disposition=attachment&hash=&limit=0&content_type=application%2Foctet-stream&owner_uid=1555067240&fsize=51970&hid=e6bae5a4ca780eb00a4c7a0e759c11ea&media_type=document&tknv=v3&is_direct_zip_experiment=1&etag=d4f651eb2b06d418336acda917c5048d,application/octet-stream,2026-06-04T17:04:10+00:00
WhatsApp Chat with Pri Schools Sadar Urban I (copy).txt,disk:/DATA/OFFICE/backup/WhatsApp Chat with Pri Schools Sadar Urban I (copy).txt,0.01,15009,2026-06-04 17:04:10,document,https://downloader.disk.yandex.ru/disk/f051d9c143a15d24481d3a0ae0f3e48ebf0972f769564ced53e617d75b685d6c/6a53c76a/hDhpBaxhocr6Dbg5IBj20ZATKxJeBUFWzpJosEVsj6uk-yjrgYem063ylPPew3XiAMsY4PcfDOgXUt88QAZguQ%3D%3D?uid=1555067240&filename=WhatsApp%20Chat%20with%20Pri%20Schools%20Sadar%20Urban%20I%20%28copy%29.txt&disposition=attachment&hash=&limit=0&content_type=text%2Fplain&owner_uid=1555067240&fsize=15009&hid=8cc61f659997ebeb585f27e022acb7c8&media_type=document&tknv=v3&is_direct_zip_experiment=1&etag=5584e7c988da41d17ed57e803e0985f9,text/plain,2026-06-04T17:04:10+00:00
Final HT Panel.pdf,disk:/DATA/OFFICE/backup/Final HT Panel.pdf,0.07,69991,2026-06-04 17:04:12,document,https://downloader.disk.yandex.ru/disk/9a3050c55daf210ac5e3f0b0a10080e0f79f6e2dad2a830942788cf27b06f58a/6a53c76a/hDhpBaxhocr6Dbg5IBj20b7dAsF9nHi2Eb8SUh2JiEhvjALKSws_S4V7ImWvRLNr05zorNPMamM84eTRdlgCOw%3D%3D?uid=1555067240&filename=Final%20HT%20Panel.pdf&disposition=attachment&hash=&limit=0&content_type=application%2Fpdf&owner_uid=1555067240&fsize=69991&hid=f28a5dc2db5bc5c573f20f534d1f752a&media_type=document&tknv=v3&is_direct_zip_experiment=1&etag=78818283380f47d5cc0643d7e2c6b6ce,application/pdf,2026-06-04T17:04:12+00:00
SATABDI DUTTA_madhyamik23-24.pdf,disk:/DATA/OFFICE/backup/SATABDI DUTTA_madhyamik23-24.pdf,1.58,1652556,2026-06-04 17:04:12,document,https://downloader.disk.yandex.ru/disk/e5ca8b85942b2d809c282627dde49f6bef65ab4571c327a3217b6c6cd8e81fd0/6a53c76b/hDhpBaxhocr6Dbg5IBj20Ycm5SmsgPVgdUmFaoaxzCCFK98ADtPv5hAiMcmmTRDCd9lQHO9b9kq4y2OT2FE2EA%3D%3D?uid=1555067240&filename=SATABDI%20DUTTA_madhyamik23-24.pdf&disposition=attachment&hash=&limit=0&content_type=application%2Fpdf&owner_uid=1555067240&fsize=1652556&hid=d0dba94f6d2fb0e8c942b2c3229616fa&media_type=document&tknv=v3&is_direct_zip_experiment=1&etag=8f83ecd569f29f1f7f8c8363d4559569,application/pdf,2026-06-04T17:04:12+00:00
TA Bill Claim Letter (1)_page-0001.jpg.pdf,disk:/DATA/OFFICE/backup/TA Bill Claim Letter (1)_page-0001.jpg.pdf,0.36,376673,2026-06-04 17:04:13,document,https://downloader.disk.yandex.ru/disk/699c206cd52d36b4e121b96bac255f569417c42240e2bfcc95785e307c028b2f/6a53c76c/hDhpBaxhocr6Dbg5IBj20cVYrsay1C2DmGqYsYWAXEK1YcatZZGcAHSf9rasWg2nKAj0NJxxF6npSv8EBlaf9A%3D%3D?uid=1555067240&filename=TA%20Bill%20Claim%20Letter%20%281%29_page-0001.jpg.pdf&disposition=attachment&hash=&limit=0&content_type=application%2Fpdf&owner_uid=1555067240&fsize=376673&hid=1b3ad53609d5a9f9d12e10c7ab64d3a3&media_type=document&tknv=v3&is_direct_zip_experiment=1&etag=04ab27d8409aea711afed50f5f0996e6,application/pdf,2026-06-04T17:04:13+00:00
WhatsApp Chat with Pri Schools Sadar Urban I.txt,disk:/DATA/OFFICE/backup/WhatsApp Chat with Pri Schools Sadar Urban I.txt,0.35,365012,2026-06-04 17:04:13,document,https://downloader.disk.yandex.ru/disk/413360b442367f20e751a35e75a4cb925a60f3e816219ddc1b83a678f63a9015/6a53c76d/hDhpBaxhocr6Dbg5IBj20TP7dE6DRn7WDBaL3Vrn7_kaSPD3Y7w5Ec7LwXSzyeHKSR4Jwls1T-cKURYVWTzDBA%3D%3D?uid=1555067240&filename=WhatsApp%20Chat%20with%20Pri%20Schools%20Sadar%20Urban%20I.txt&disposition=attachment&hash=&limit=0&content_type=text%2Fplain&owner_uid=1555067240&fsize=365012&hid=933e12964bf8199d5d31ab22cf4ae60c&media_type=document&tknv=v3&is_direct_zip_experiment=1&etag=fe26100842840e8de11b47027d955108,text/plain,2026-06-04T17:04:13+00:00
office-employees_SU1.xlsx,disk:/DATA/OFFICE/backup/office-employees_SU1.xlsx,0.05,52524,2026-06-04 17:04:13,document,https://downloader.disk.yandex.ru/disk/e879b1452fe607346a0809211f57bbf12c725a9bb24e6b28e6bff3689ef95cac/6a53c76d/hDhpBaxhocr6Dbg5IBj20RjFGbBW8XKA8sYmihMFshOHRf2StpX1mWE2-L7jiZFiSDgkm5qtjM5Adci3X-ZUsA%3D%3D?uid=1555067240&filename=office-employees_SU1.xlsx&disposition=attachment&hash=&limit=0&content_type=application%2Fvnd.openxmlformats-officedocument.spreadsheetml.sheet&owner_uid=1555067240&fsize=52524&hid=5a97ba33d4650175f5a8a84659a3b999&media_type=document&tknv=v3&is_direct_zip_experiment=1&etag=6aefdfe6dccbc175a20e91f9c4b42536,application/vnd.openxmlformats-officedocument.spreadsheetml.sheet,2026-06-04T17:04:13+00:00
cms mdm.pdf,disk:/DATA/OFFICE/backup/cms mdm.pdf,0.11,113397,2026-06-04 17:04:14,document,https://downloader.disk.yandex.ru/disk/2f70446437dcdfbd5bb19df8b98abbf94fcf1e4f13df2dadcbf7d18b23721811/6a53c76e/hDhpBaxhocr6Dbg5IBj20To9G9BWiAzIUmfe3LlYHHwCSCgHz7MO5_-7h-M8iyar8H-Jr2NS_SPuWsxUz5Yp-w%3D%3D?uid=1555067240&filename=cms%20mdm.pdf&disposition=attachment&hash=&limit=0&content_type=application%2Fpdf&owner_uid=1555067240&fsize=113397&hid=31ad872a685402054939cea6215d9c05&media_type=document&tknv=v3&is_direct_zip_experiment=1&etag=c7c0b0984df1f31b33077cf92fe12b5e,application/pdf,2026-06-04T17:04:14+00:00
Rejoin report status.pdf,disk:/DATA/OFFICE/backup/Rejoin report status.pdf,0.11,116571,2026-06-04 17:04:15,document,https://downloader.disk.yandex.ru/disk/9b1bd1a8c90612d53e354c96022b5bce335673435874b509ce9fb281653bfacc/6a53c76f/hDhpBaxhocr6Dbg5IBj20Ve0QylUV2SDXLh8i74tPOz4pyewIV9Q0se_krj0sNwnjrkQUjKiCuuKZwZhg4wdQQ%3D%3D?uid=1555067240&filename=Rejoin%20report%20status.pdf&disposition=attachment&hash=&limit=0&content_type=application%2Fpdf&owner_uid=1555067240&fsize=116571&hid=eb3907287cd43d6b773d06b589fbb5c0&media_type=document&tknv=v3&is_direct_zip_experiment=1&etag=3e07bf285c08e4bb9054892aedd8f10b,application/pdf,2026-06-04T17:04:15+00:00
Abuse Report.pdf,disk:/DATA/OFFICE/backup/Abuse Report.pdf,0.13,138177,2026-06-04 17:04:16,document,https://downloader.disk.yandex.ru/disk/f40fef833c6b4504d325b2c19f3b019c7120b486dfea251a996548816bb9d990/6a53c76f/hDhpBaxhocr6Dbg5IBj20WaKpkhJAJSVHS2ICy36f89vPQlYxnXzS1Mi0nfcyb4HmZmh7xGkQQ3HiDrC18TedQ%3D%3D?uid=1555067240&filename=Abuse%20Report.pdf&disposition=attachment&hash=&limit=0&content_type=application%2Fpdf&owner_uid=1555067240&fsize=138177&hid=159392c720ddc9146db2f883ebd15d53&media_type=document&tknv=v3&is_direct_zip_experiment=1&etag=8251097d55671aadac525e69c36d4ca4,application/pdf,2026-06-04T17:04:16+00:00
RRB NTPC PAYMENT.png,disk:/DATA/OFFICE/backup/RRB NTPC PAYMENT.png,0.05,55276,2026-06-04 17:04:16,image,https://downloader.disk.yandex.ru/disk/315cf44983b3f7cfd58bfa3cea986835f08645c850f35a9019cf2d600e3faa2d/6a53c770/hDhpBaxhocr6Dbg5IBj20U3dEspdYdTEB7iy0VcJkoUFxxOe1zOXBgXbhAaHeIwinI6Ou9nexgUd1O66EMBh2Q%3D%3D?uid=1555067240&filename=RRB%20NTPC%20PAYMENT.png&disposition=attachment&hash=&limit=0&content_type=image%2Fpng&owner_uid=1555067240&fsize=55276&hid=ae347b0b63b550b272e65d2b277a552b&media_type=image&tknv=v3&is_direct_zip_experiment=1&etag=1d62dc142f9d3ed5cf332e2340e99b7c,image/png,2026-06-04T17:04:16+00:00
Enrollmet.pdf,disk:/DATA/OFFICE/backup/Enrollmet.pdf,0.1,102984,2026-06-04 17:04:17,document,https://downloader.disk.yandex.ru/disk/7b24cfe9e4aa890788c1f3c4c9fd5eb98d6f4fd8a00acf0d1b0a164bf1e212f7/6a53c771/hDhpBaxhocr6Dbg5IBj20RyNG5bdXaTaLv5F162hAqHLafWWCsGdX-5wmkbCOv6xsr3m8m5Yu1ea6foopSGRzg%3D%3D?uid=1555067240&filename=Enrollmet.pdf&disposition=attachment&hash=&limit=0&content_type=application%2Fpdf&owner_uid=1555067240&fsize=102984&hid=eb630a83b2068843729427b6b571123e&media_type=document&tknv=v3&is_direct_zip_experiment=1&etag=2b3394f52afecaa109f6bab6c6b3eee2,application/pdf,2026-06-04T17:04:17+00:00
Satabdi Dutta Joining Report.jpg.pdf,disk:/DATA/OFFICE/backup/Satabdi Dutta Joining Report.jpg.pdf,0.19,194180,2026-06-04 17:04:18,document,https://downloader.disk.yandex.ru/disk/ad691103d17e40a8c5c22c86877639ee66810c6b1f34d0c33b0f130639545ebe/6a53c771/hDhpBaxhocr6Dbg5IBj20SSsPDjboniJhClabsoooftIWdXrnRtVdRYtC2wReV3FcZFH_-Oqr4lqBLe6rT2LUQ%3D%3D?uid=1555067240&filename=Satabdi%20Dutta%20Joining%20Report.jpg.pdf&disposition=attachment&hash=&limit=0&content_type=application%2Fpdf&owner_uid=1555067240&fsize=194180&hid=9514b8f509842ca37ddaa7f7213da172&media_type=document&tknv=v3&is_direct_zip_experiment=1&etag=11cba173e67008705cbb67368615eddb,application/pdf,2026-06-04T17:04:18+00:00
Food SI admit Card.pdf,disk:/DATA/OFFICE/backup/Food SI admit Card.pdf,0.25,259461,2026-06-04 17:04:20,document,https://downloader.disk.yandex.ru/disk/8685991d383ed86ab3a8a4ff6ddc07690d333dcea397b9519af44afe440e0ebb/6a53c772/hDhpBaxhocr6Dbg5IBj20XOkY8ky4lG_DJ6AU35_RtxAxiYv8K8oVLSDt71TEmmwUhtWmbGRFOi5J2EA-RZO_g%3D%3D?uid=1555067240&filename=Food%20SI%20admit%20Card.pdf&disposition=attachment&hash=&limit=0&content_type=application%2Fpdf&owner_uid=1555067240&fsize=259461&hid=33be13608955e24d1aff01c381e99516&media_type=document&tknv=v3&is_direct_zip_experiment=1&etag=7b13b69493d5e7f579b1915bca1d6a95,application/pdf,2026-06-04T17:04:20+00:00
WhatsApp Image 2024-07-24 at 08.59.29.jpeg,disk:/DATA/OFFICE/backup/Whatsapp/WhatsApp Image 2024-07-24 at 08.59.29.jpeg,0.14,143674,2026-06-04 17:04:22,image,https://downloader.disk.yandex.ru/disk/8a73fd770e723741658599e5c761b981752985a9ad10db074875e3da9951e417/6a53c773/hDhpBaxhocr6Dbg5IBj20f3KJy0dlHNUYtt12nP1jC7Wcu-hgZG1oCQfNgeweb1X79pqNrPQHs5eI3-ONBV16A%3D%3D?uid=1555067240&filename=WhatsApp%20Image%202024-07-24%20at%2008.59.29.jpeg&disposition=attachment&hash=&limit=0&content_type=image%2Fjpeg&owner_uid=1555067240&fsize=143674&hid=b4eb2419272b9323affe2db8b885ccd9&media_type=image&tknv=v3&is_direct_zip_experiment=1&etag=312c3aa525a78e6a3763fac38047c3cf,image/jpeg,2026-06-04T17:04:22+00:00
sbi passbook.jpeg,disk:/DATA/OFFICE/backup/Whatsapp/sbi passbook.jpeg,0.65,678739,2026-06-04 17:04:23,image,https://downloader.disk.yandex.ru/disk/13503e7e44802c5d584e2ea060db40c33ca43c80f37583e69bfcbfb10a122e7a/6a53c774/hDhpBaxhocr6Dbg5IBj20d5vPUrJqZW38ai6-hriCmPqGOBst0BSh8GzFDHvjRFm_puzzAohjhohJcULNrBveg%3D%3D?uid=1555067240&filename=sbi%20passbook.jpeg&disposition=attachment&hash=&limit=0&content_type=image%2Fjpeg&owner_uid=1555067240&fsize=678739&hid=b150ccc0f6d28781121b03fa0233e256&media_type=image&tknv=v3&is_direct_zip_experiment=1&etag=18b8655b1fc4b03c2954b3444bef315b,image/jpeg,2026-06-04T17:04:23+00:00
Enquiry_report_on_child_abuse(Harisava_pry).pdf,disk:/DATA/OFFICE/backup/Enquiry_report_on_child_abuse(Harisava_pry).pdf,4.99,5234862,2026-06-04 17:04:24,document,https://downloader.disk.yandex.ru/disk/296487b9445353fc5c73a6119ff6bf83cac2f4d7627249585dae6106c35a4eb5/6a53c774/hDhpBaxhocr6Dbg5IBj20Q9FRxsUQGORHyFwApr_42h85sH1-rpsAoORy1aTU3vVI7QJdLGwO6QLS46JQV9VLg%3D%3D?uid=1555067240&filename=Enquiry_report_on_child_abuse%28Harisava_pry%29.pdf&disposition=attachment&hash=&limit=0&content_type=application%2Fpdf&owner_uid=1555067240&fsize=5234862&hid=717b4c6369b9e1fdbf5bbac7d6d1e826&media_type=document&tknv=v3&is_direct_zip_experiment=1&etag=b790870332377af7875cead294fc9071,application/pdf,2026-06-04T17:04:24+00:00
"Screenshot 2024-08-02 at 19-28-53 Adobe Scan Aug 02, 2024(Shared) - Adobe cloud storage.png","disk:/DATA/OFFICE/backup/Whatsapp/Screenshot 2024-08-02 at 19-28-53 Adobe Scan Aug 02, 2024(Shared) - Adobe cloud storage.png",0.44,458403,2026-06-04 17:04:25,image,https://downloader.disk.yandex.ru/disk/98a08e497268f388f2811a13c1aabd4d580fdc3ba715643bea8f21bda4c0377c/6a53c775/hDhpBaxhocr6Dbg5IBj20YOqJzTzmScZIK-tF0SSj8isVqLViANHz1FAx2Pufq1dkETiRWPdaAtnyYXud83oww%3D%3D?uid=1555067240&filename=Screenshot%202024-08-02%20at%2019-28-53%20Adobe%20Scan%20Aug%2002%2C%202024%28Shared%29%20-%20Adobe%20cloud%20storage.png&disposition=attachment&hash=&limit=0&content_type=image%2Fpng&owner_uid=1555067240&fsize=458403&hid=82e9eecfe703375ce4f19dbb3366c6a4&media_type=image&tknv=v3&is_direct_zip_experiment=1&etag=8b69fd93898d007e087d558ff6a1fc59,image/png,2026-06-04T17:04:25+00:00
Land Details Survey - Response-Primary.xlsx,disk:/DATA/OFFICE/backup/Whatsapp/Land Details Survey - Response-Primary.xlsx,0.01,7842,2026-06-04 17:04:26,document,https://downloader.disk.yandex.ru/disk/695a11d3e5a8a39dd89f74171060e7b5e2c5296ba428d8771dee13e7e76ea674/6a53c776/hDhpBaxhocr6Dbg5IBj20cMCmg0-KhQop0-0SqF58Cqb7hKsClOGOT5kHJRIKyc7Ax7rYcVjNWByS4BU8VAJuQ%3D%3D?uid=1555067240&filename=Land%20Details%20Survey%20-%20Response-Primary.xlsx&disposition=attachment&hash=&limit=0&content_type=application%2Fvnd.openxmlformats-officedocument.spreadsheetml.sheet&owner_uid=1555067240&fsize=7842&hid=9585c40344698af36d1e76a6165cff29&media_type=document&tknv=v3&is_direct_zip_experiment=1&etag=c4e62b2f5edbd77e25f423581a042359,application/vnd.openxmlformats-officedocument.spreadsheetml.sheet,2026-06-04T17:04:26+00:00
C.M.S_ENQUIRY.pdf,disk:/DATA/OFFICE/backup/C.M.S_ENQUIRY.pdf,2.19,2298513,2026-06-04 17:04:27,document,https://downloader.disk.yandex.ru/disk/fa1fccc2ee4b4f2cdf3ad68769b2d6494d9cb67dd94d98c7f2201e0af25809ef/6a53c777/hDhpBaxhocr6Dbg5IBj20VjeXJ5XPmYxDi_hgYNM8sgnSrKe7BGuyq-Y9mt2Lw-7HLQ-I_wlryN-DswrPGZtuQ%3D%3D?uid=1555067240&filename=C.M.S_ENQUIRY.pdf&disposition=attachment&hash=&limit=0&content_type=application%2Fpdf&owner_uid=1555067240&fsize=2298513&hid=f758997096928d4aa429094f2c2c7abb&media_type=document&tknv=v3&is_direct_zip_experiment=1&etag=ac08a177bd6b38fa40408961c0302fd8,application/pdf,2026-06-04T17:04:27+00:00
Ramkrishna Vidyamandir.jpeg,disk:/DATA/OFFICE/backup/Whatsapp/Ramkrishna Vidyamandir.jpeg,0.1,107758,2026-06-04 17:04:27,image,https://downloader.disk.yandex.ru/disk/b3f6cd280f075d0a020b9f41dab73bbb2b12514c96674d91944fb6981d6dff66/6a53c777/hDhpBaxhocr6Dbg5IBj20QRZqiYDamN4mSMuv1QZTb4q1Xb6unGuMhIHwRpirv9WJD4aLkC9rz9r3KHK3Q0w-w%3D%3D?uid=1555067240&filename=Ramkrishna%20Vidyamandir.jpeg&disposition=attachment&hash=&limit=0&content_type=image%2Fjpeg&owner_uid=1555067240&fsize=107758&hid=1084434c2031c4d4ddd8d4a4bdc9f4c5&media_type=image&tknv=v3&is_direct_zip_experiment=1&etag=89a09dc2af68212d6863ae74b0c27998,image/jpeg,2026-06-04T17:04:27+00:00
WhatsApp Image 2024-06-19 at 09.07.20.jpeg,disk:/DATA/OFFICE/backup/Whatsapp/WhatsApp Image 2024-06-19 at 09.07.20.jpeg,0.15,153535,2026-06-04 17:04:27,image,https://downloader.disk.yandex.ru/disk/91ee480a08b3b34d6e016696bed8c862c15ebc127023fa4736f7586478d5b27d/6a53c778/hDhpBaxhocr6Dbg5IBj20cIgO7KbE5ZmY9rY424pIrosiOu7xL2E1rLBuCK74kzr5olVx2Z6Ai0cL55FUlXuFA%3D%3D?uid=1555067240&filename=WhatsApp%20Image%202024-06-19%20at%2009.07.20.jpeg&disposition=attachment&hash=&limit=0&content_type=image%2Fjpeg&owner_uid=1555067240&fsize=153535&hid=c6594c505fab613c4718ac709da4ab73&media_type=image&tknv=v3&is_direct_zip_experiment=1&etag=b2a02deeded5e5c0caa69013e56f5fc0,image/jpeg,2026-06-04T17:04:27+00:00
WhatsApp Image 2024-07-24 at 08.59.29.pdf,disk:/DATA/OFFICE/backup/Whatsapp/WhatsApp Image 2024-07-24 at 08.59.29.pdf,0.2,204929,2026-06-04 17:04:31,document,https://downloader.disk.yandex.ru/disk/1fed09663e67cf77554d4d13b39f05fde6216dc3ec563e8825aa0f866c4ad9ef/6a53c779/hDhpBaxhocr6Dbg5IBj20TK5ngDNCuDsvLrTUfn_E_nhaWdhyYce_IAezc0Y6F_sC5Q3UJveivh20M-d9mVjoA%3D%3D?uid=1555067240&filename=WhatsApp%20Image%202024-07-24%20at%2008.59.29.pdf&disposition=attachment&hash=&limit=0&content_type=application%2Fpdf&owner_uid=1555067240&fsize=204929&hid=948c08867b4687a29f028b06d043912a&media_type=document&tknv=v3&is_direct_zip_experiment=1&etag=918cf8dc1bc719e8c586b72c5a1dab6a,application/pdf,2026-06-04T17:04:31+00:00
SURVEY ON LAND PARTICULARS OF PRIMARY SCHOOLS - MINAKHAN CIRCLE.pdf,disk:/DATA/OFFICE/backup/Whatsapp/SURVEY ON LAND PARTICULARS OF PRIMARY SCHOOLS - MINAKHAN CIRCLE.pdf,0.14,151807,2026-06-04 17:04:33,document,https://downloader.disk.yandex.ru/disk/1eb7707a4d8cce69de12f03e5cd678f77586922c4ddc45f060633894199521ff/6a53c77a/hDhpBaxhocr6Dbg5IBj20chZGVg1iagDON4rjF_WYOjFbzlFLEJnC3T4vIIK8hmOA3fe1oG6XKbqkxU_giGISw%3D%3D?uid=1555067240&filename=SURVEY%20ON%20LAND%20PARTICULARS%20OF%20PRIMARY%20SCHOOLS%20-%20MINAKHAN%20CIRCLE.pdf&disposition=attachment&hash=&limit=0&content_type=application%2Fpdf&owner_uid=1555067240&fsize=151807&hid=dad2b0a44f52a84f8aeaca7d83fe0f6b&media_type=document&tknv=v3&is_direct_zip_experiment=1&etag=0d51638015c0335e286769d0b4b008d4,application/pdf,2026-06-04T17:04:33+00:00
HARISAVA_H.T_RPLY.pdf,disk:/DATA/OFFICE/backup/Whatsapp/HARISAVA_H.T_RPLY.pdf,6.68,7000891,2026-06-04 17:04:35,document,https://downloader.disk.yandex.ru/disk/7e086d965f8cd93c19eaad377409e84679517c375d508a1f26b59860b2a896e2/6a53c77a/hDhpBaxhocr6Dbg5IBj20S1BO-m-aaOUvZ_Or5hX_pOeC34As5KT2tylH_OSKbDHNjm9bQtv6eQoOVNByQ499w%3D%3D?uid=1555067240&filename=HARISAVA_H.T_RPLY.pdf&disposition=attachment&hash=&limit=0&content_type=application%2Fpdf&owner_uid=1555067240&fsize=7000891&hid=893ed5d53861341765a553a75b6fc056&media_type=document&tknv=v3&is_direct_zip_experiment=1&etag=b25124bb06303c4b82e471a22a35446c,application/pdf,2026-06-04T17:04:35+00:00
WhatsApp Image 2024-06-25 at 12.33.55.jpeg,disk:/DATA/OFFICE/backup/Whatsapp/WhatsApp Image 2024-06-25 at 12.33.55.jpeg,0.15,158725,2026-06-04 17:04:37,image,https://downloader.disk.yandex.ru/disk/4dc6989ba2a283e0ec6c371badaa761846a6141c046c9877af1fb5197539d44c/6a53c77b/hDhpBaxhocr6Dbg5IBj20dPeXryTKOKFUoinEIkVDTY2BgPfXzreLtgwPjYlCzwWJxPHGc3UZzXJCQgwNT9l9Q%3D%3D?uid=1555067240&filename=WhatsApp%20Image%202024-06-25%20at%2012.33.55.jpeg&disposition=attachment&hash=&limit=0&content_type=image%2Fjpeg&owner_uid=1555067240&fsize=158725&hid=ad7f7ac50387b78cabd0d5f8b072ec25&media_type=image&tknv=v3&is_direct_zip_experiment=1&etag=5fbcf6e361c88e1d2faade19099274bf,image/jpeg,2026-06-04T17:04:37+00:00
DOC-20240624-WA0000.pdf,disk:/DATA/OFFICE/backup/Whatsapp/DOC-20240624-WA0000.pdf,0.05,57451,2026-06-04 17:04:38,document,https://downloader.disk.yandex.ru/disk/7527a05b25cc061ed01d67342cffcab607d7487facc5bf00abad403f9b42b5a8/6a53c77c/hDhpBaxhocr6Dbg5IBj20TLyZbDR-PwM2vvvucd4VqJgv1z8GkMv8ADC5b0TvLf3CdVcDdgMvq1tgSstR08Csw%3D%3D?uid=1555067240&filename=DOC-20240624-WA0000.pdf&disposition=attachment&hash=&limit=0&content_type=application%2Foctet-stream&owner_uid=1555067240&fsize=57451&hid=815271bcceac330a905aa9bd6fdabbdb&media_type=document&tknv=v3&is_direct_zip_experiment=1&etag=755e65b6e259f8b6cad16c6fb64b4391,application/octet-stream,2026-06-04T17:04:38+00:00
june attendence.jpeg,disk:/DATA/OFFICE/backup/Whatsapp/june attendence.jpeg,0.22,232923,2026-06-04 17:04:43,image,https://downloader.disk.yandex.ru/disk/4463ce2eb68fa77fa8cbb4a594ab3eaa80fe2819d63e1bff950e7804eb28fe6f/6a53c77c/hDhpBaxhocr6Dbg5IBj20dBbhQ9zxR64gXACjMS9FOYQufcD7dLRd6hSnfshRutdUGBBpu7kQNYDPyclEmjF3Q%3D%3D?uid=1555067240&filename=june%20attendence.jpeg&disposition=attachment&hash=&limit=0&content_type=image%2Fjpeg&owner_uid=1555067240&fsize=232923&hid=40cdd8f092ee777e2d884a8f34256a59&media_type=image&tknv=v3&is_direct_zip_experiment=1&etag=6b4b8e1a9e896ccf38947a32ebc71ec2,image/jpeg,2026-06-04T17:04:43+00:00
Harisava_2nd_complaint.pdf,disk:/DATA/OFFICE/backup/Whatsapp/Harisava_2nd_complaint.pdf,7.18,7524000,2026-06-04 17:04:44,document,https://downloader.disk.yandex.ru/disk/3f059f169717c42c7fbd2f4b599570a9af8b3a27dcf455d9b66851c1e9fc8999/6a53c77d/hDhpBaxhocr6Dbg5IBj20X0baCwFd6d0KRKWRjfcJ8hDJuDUwHtnMtyyyR8-z9NInGjkFdxqmwJ8BNPCJikzWQ%3D%3D?uid=1555067240&filename=Harisava_2nd_complaint.pdf&disposition=attachment&hash=&limit=0&content_type=application%2Fpdf&owner_uid=1555067240&fsize=7524000&hid=af0ceaf08f72adbd5fa0f7144d68766b&media_type=document&tknv=v3&is_direct_zip_experiment=1&etag=9c6cc935a871785f13eda6a073cbd916,application/pdf,2026-06-04T17:04:44+00:00
H.T_HARISAVA_RPLY.pdf,disk:/DATA/OFFICE/backup/Whatsapp/H.T_HARISAVA_RPLY.pdf,5.19,5447148,2026-06-04 17:04:46,document,https://downloader.disk.yandex.ru/disk/c9b4d2fe88651412e4a461289c52650a7331ae986c74435bd44232f37f944037/6a53c77e/hDhpBaxhocr6Dbg5IBj20UzBNmMCWwz1IbqYr48TQKIBGKUSTHqOlca34RG7UVI3EL9NjuPHRrJ368fJKv3kXQ%3D%3D?uid=1555067240&filename=H.T_HARISAVA_RPLY.pdf&disposition=attachment&hash=&limit=0&content_type=application%2Fpdf&owner_uid=1555067240&fsize=5447148&hid=420f7787d1440f8db777096c088bb72f&media_type=document&tknv=v3&is_direct_zip_experiment=1&etag=7bf9248e71b4d2cafd648846b0046a9a,application/pdf,2026-06-04T17:04:46+00:00
WhatsApp Image 2024-07-24 at 08.59.28.jpeg,disk:/DATA/OFFICE/backup/Whatsapp/WhatsApp Image 2024-07-24 at 08.59.28.jpeg,0.11,115401,2026-06-04 17:04:49,image,https://downloader.disk.yandex.ru/disk/a428f2047e29465bc64c45bbcd6320b4653002fa367a55c5863a3e92044fd839/6a53c77f/hDhpBaxhocr6Dbg5IBj20V8D2gq8BXjdiGw171Ixc1ALXYP8g-7SgC5rk9qRKl523SeJzq5woQhamJFIqu2iPw%3D%3D?uid=1555067240&filename=WhatsApp%20Image%202024-07-24%20at%2008.59.28.jpeg&disposition=attachment&hash=&limit=0&content_type=image%2Fjpeg&owner_uid=1555067240&fsize=115401&hid=7280ed9753f86103265ad9ca44a4701a&media_type=image&tknv=v3&is_direct_zip_experiment=1&etag=3c98f4894ff6f1cb54189e11beaee25e,image/jpeg,2026-06-04T17:04:49+00:00
Primary land details.pdf,disk:/DATA/OFFICE/backup/Whatsapp/Primary land details.pdf,0.31,325992,2026-06-04 17:04:50,document,https://downloader.disk.yandex.ru/disk/cd777ce8b742812f057e137bdb61b132f1f0ffe8ff6eee0d44a029a2c40671ea/6a53c77f/hDhpBaxhocr6Dbg5IBj20djSjih4fE6-EdxSt0MvgvEyIFHm6HaH_wwwt_EI6d35ktwjE6dh4a0XRUh298WyCg%3D%3D?uid=1555067240&filename=Primary%20land%20details.pdf&disposition=attachment&hash=&limit=0&content_type=application%2Fpdf&owner_uid=1555067240&fsize=325992&hid=da68fa7435b32f64924c638b825459cb&media_type=document&tknv=v3&is_direct_zip_experiment=1&etag=b15abc4064309052d6ec96a5e2017f75,application/pdf,2026-06-04T17:04:50+00:00
Your Accounts_XXXXXX623_02082024.CSV,disk:/DATA/OFFICE/backup/Whatsapp/Your Accounts_XXXXXX623_02082024.CSV,0.0,197,2026-06-04 17:04:50,data,https://downloader.disk.yandex.ru/disk/01d1f0e315b35ee649f6b2c05bab83d4909ad65996d3499c39dffe1413b2a5fb/6a53c780/hDhpBaxhocr6Dbg5IBj20e-4PuSJZ1LWXdyyl2ADlGLbd4oiA0mBA-wyUpbAS_ezKbUExKTJiZaT-BP-kClkGQ%3D%3D?uid=1555067240&filename=Your%20Accounts_XXXXXX623_02082024.CSV&disposition=attachment&hash=&limit=0&content_type=text%2Fplain&owner_uid=1555067240&fsize=197&hid=2925c1d7600d5277779212644083414e&media_type=data&tknv=v3&is_direct_zip_experiment=1&etag=f5e0a4cec057032365fc6a1580414a44,text/plain,2026-06-04T17:04:50+00:00
WhatsApp Audio 2024-06-25 at 12.51.00.amr,disk:/DATA/OFFICE/backup/Whatsapp/WhatsApp Audio 2024-06-25 at 12.51.00.amr,1.0,1044550,2026-06-04 17:04:51,audio,https://downloader.disk.yandex.ru/disk/0affb8a7248f19105fdeba3f53e5ba3f23e5dc26f61761af4988aedb9c954dd8/6a53c781/hDhpBaxhocr6Dbg5IBj20YLXDUj84FXaLhNFP4ee4h_SKMaEGSt3iQtZVqQYigd4TrVL5iUAdE4JdES58vkJEQ%3D%3D?uid=1555067240&filename=WhatsApp%20Audio%202024-06-25%20at%2012.51.00.amr&disposition=attachment&hash=&limit=0&content_type=audio%2Famr&owner_uid=1555067240&fsize=1044550&hid=355e354845f0fc194cb491ab9cbf2c3e&media_type=audio&tknv=v3&is_direct_zip_experiment=1&etag=e9b0aa6577c8bac3211d3c98c993d8f3,audio/amr,2026-06-04T17:04:51+00:00
WhatsApp Image 2024-08-07 at 09.09.57.jpeg,disk:/DATA/OFFICE/backup/Whatsapp/WhatsApp Image 2024-08-07 at 09.09.57.jpeg,0.16,168418,2026-06-04 17:04:55,image,https://downloader.disk.yandex.ru/disk/dd0ef89c320b6b5b8a99286bdbc94375f11fb58f7916f4944d316fdd8ec1e196/6a53c781/hDhpBaxhocr6Dbg5IBj20UE4xfk_HfqGdOGEI1y4cNNcM-CLy3TmvKJgSUxf4sd0_QM9n6CXHH-sxeE9MrSt-Q%3D%3D?uid=1555067240&filename=WhatsApp%20Image%202024-08-07%20at%2009.09.57.jpeg&disposition=attachment&hash=&limit=0&content_type=image%2Fjpeg&owner_uid=1555067240&fsize=168418&hid=0777b2119914c1b458c8a5484a9b4af5&media_type=image&tknv=v3&is_direct_zip_experiment=1&etag=606d822d3447c0c7a8a47fbacf69357e,image/jpeg,2026-06-04T17:04:55+00:00
WhatsApp Image 2024-07-24 at 11.34.30.jpeg,disk:/DATA/OFFICE/backup/Whatsapp/WhatsApp Image 2024-07-24 at 11.34.30.jpeg,0.1,108739,2026-06-04 17:04:56,image,https://downloader.disk.yandex.ru/disk/d10d76538540a53c8666d4512bdf578cfa5b79dec244b6ff66edfe99144397e0/6a53c783/hDhpBaxhocr6Dbg5IBj20W0Yk-ISs074McWIQGdLprFTsVYqcvKxD-EVVjUFQlq2XMX6u4pFVgtQmk8B3lEumA%3D%3D?uid=1555067240&filename=WhatsApp%20Image%202024-07-24%20at%2011.34.30.jpeg&disposition=attachment&hash=&limit=0&content_type=image%2Fjpeg&owner_uid=1555067240&fsize=108739&hid=cca051ce9ea4c50cb55e2a5df3b7bef3&media_type=image&tknv=v3&is_direct_zip_experiment=1&etag=bf2bb236cb21a93155c1d048f398662c,image/jpeg,2026-06-04T17:04:56+00:00
WhatsApp Image 2024-07-24 at 11.34.31.jpeg,disk:/DATA/OFFICE/backup/Whatsapp/WhatsApp Image 2024-07-24 at 11.34.31.jpeg,0.11,119925,2026-06-04 17:04:58,image,https://downloader.disk.yandex.ru/disk/d92b73703c31be98e95c1748d4aa7cfe02cd4ac60470ef663362b9d87da754f6/6a53c783/hDhpBaxhocr6Dbg5IBj20TwgevayXxpRT4WhjFJ-Uq8JJflnWg0VgSy2syVqM490kUPWbT_BnBsHmAftZWJKag%3D%3D?uid=1555067240&filename=WhatsApp%20Image%202024-07-24%20at%2011.34.31.jpeg&disposition=attachment&hash=&limit=0&content_type=image%2Fjpeg&owner_uid=1555067240&fsize=119925&hid=506e18e620704b5209c7ae74e04a13bd&media_type=image&tknv=v3&is_direct_zip_experiment=1&etag=72ec9b249ab5cfba0bd34dfa2787e611,image/jpeg,2026-06-04T17:04:58+00:00
ATIN_MONDAL_RPLY.pdf,disk:/DATA/OFFICE/backup/Whatsapp/ATIN_MONDAL_RPLY.pdf,6.99,7329484,2026-06-04 17:05:01,document,https://downloader.disk.yandex.ru/disk/32d6768a56dfb36dc22af2da6076ce42eb688ed6eaf22c37baaa305b988970f6/6a53c784/hDhpBaxhocr6Dbg5IBj20SVs0KU3J9Nqoeu1SQKT_JYPOAaLT9n93XVSpRallee4DxVjy9estyCVh6hO2JIA4w%3D%3D?uid=1555067240&filename=ATIN_MONDAL_RPLY.pdf&disposition=attachment&hash=&limit=0&content_type=application%2Fpdf&owner_uid=1555067240&fsize=7329484&hid=1583b6b33a26da1ef82b8f0758e8a5ff&media_type=document&tknv=v3&is_direct_zip_experiment=1&etag=87e3db664793954945b8e064dc2d4f2a,application/pdf,2026-06-04T17:05:01+00:00
cms primary mdm.pdf,disk:/DATA/OFFICE/backup/Whatsapp/cms primary mdm.pdf,1.07,1117772,2026-06-04 17:05:03,document,https://downloader.disk.yandex.ru/disk/918824b5e6e3b7d56d2b8b5c0a1dcf98b7ebcd02f4dcb2bda2f5cabfc42ab28c/6a53c785/hDhpBaxhocr6Dbg5IBj20Yngr1uxSQ1iE_4i_oH6a6xP5A1y8Xnq_MQ8WU5qYRsKJnt2c-wHMBCnkVuog2vC9w%3D%3D?uid=1555067240&filename=cms%20primary%20mdm.pdf&disposition=attachment&hash=&limit=0&content_type=application%2Fpdf&owner_uid=1555067240&fsize=1117772&hid=20d944ca59d869d79a856a5efee57a65&media_type=document&tknv=v3&is_direct_zip_experiment=1&etag=1b7a00a05294a00bff72e3f62be4b05b,application/pdf,2026-06-04T17:05:03+00:00
WPA-18583-2024-document.pdf,disk:/DATA/OFFICE/backup/Whatsapp/WPA-18583-2024-document.pdf,1.24,1300688,2026-06-04 17:05:11,document,https://downloader.disk.yandex.ru/disk/7e0303fd56120f8991342b40f1f619c814619b3ea18e1b9769570068d1086252/6a53c786/hDhpBaxhocr6Dbg5IBj20Zara6JXMoUlas-ePmsVgkHnf7DhbHLEKGCzVghum9og66XQ84-SK1Ro4IRiWOEn4A%3D%3D?uid=1555067240&filename=WPA-18583-2024-document.pdf&disposition=attachment&hash=&limit=0&content_type=application%2Fpdf&owner_uid=1555067240&fsize=1300688&hid=494f65f684ffcac543b9340d29d80d05&media_type=document&tknv=v3&is_direct_zip_experiment=1&etag=11caa9bbe1cae0009310b17c1ddc3288,application/pdf,2026-06-04T17:05:11+00:00
WhatsApp Image 2024-07-24 at 08.59.28.pdf,disk:/DATA/OFFICE/backup/Whatsapp/WhatsApp Image 2024-07-24 at 08.59.28.pdf,0.21,215177,2026-06-04 17:05:11,document,https://downloader.disk.yandex.ru/disk/b136dcc3fa10fc6b345a7d2550a7ee2b9755ed92d2fa82a5873403d477725980/6a53c786/hDhpBaxhocr6Dbg5IBj20c4_mzHbWzNf0MOEiPRe036td2pRyLE_R2_6A_EAl9NgmuV8ZFE3cB2HeToqGZFGEA%3D%3D?uid=1555067240&filename=WhatsApp%20Image%202024-07-24%20at%2008.59.28.pdf&disposition=attachment&hash=&limit=0&content_type=application%2Fpdf&owner_uid=1555067240&fsize=215177&hid=86e9faef9128dbffe7a9b61cdd262af4&media_type=document&tknv=v3&is_direct_zip_experiment=1&etag=3dabc39b47cc0b68581e5b9d6d31f1df,application/pdf,2026-06-04T17:05:11+00:00
479_04_07_2024_organized.pdf,disk:/DATA/OFFICE/backup/Whatsapp/479_04_07_2024_organized.pdf,0.61,636307,2026-06-04 17:05:13,document,https://downloader.disk.yandex.ru/disk/b13c8cfc2a90d8090392b2773c84261b949667b7e1c6758468802d2a14ee4b5a/6a53c787/hDhpBaxhocr6Dbg5IBj20W1ZE8auJMXS9eBY4KxVwlrFZRncKb6whfrVKgduGa3QczDSmRqn_xyieAK_GPUN0Q%3D%3D?uid=1555067240&filename=479_04_07_2024_organized.pdf&disposition=attachment&hash=&limit=0&content_type=application%2Fpdf&owner_uid=1555067240&fsize=636307&hid=fe9935ac4a1dd9f802da3f48371d0f88&media_type=document&tknv=v3&is_direct_zip_experiment=1&etag=7539e7de8f21605eb3f27efe1ac8c219,application/pdf,2026-06-04T17:05:13+00:00
REPORTS ON LAND PARTICULARS- Primary - Google Forms.pdf,disk:/DATA/OFFICE/backup/Whatsapp/REPORTS ON LAND PARTICULARS- Primary - Google Forms.pdf,0.3,313264,2026-06-04 17:05:14,document,https://downloader.disk.yandex.ru/disk/8da548eb115e33df8dac9568b811648a02906cb4b78c1004368def1342dbde81/6a53c788/hDhpBaxhocr6Dbg5IBj20UCl-aZwwPoNM7Vo83p_3DXAXENlrQJGO5MAg7tk3lMYHRSl9WNKWdcwzv3XglE73Q%3D%3D?uid=1555067240&filename=REPORTS%20ON%20LAND%20PARTICULARS-%20Primary%20-%20Google%20Forms.pdf&disposition=attachment&hash=&limit=0&content_type=application%2Fpdf&owner_uid=1555067240&fsize=313264&hid=6495b0a46ca389fe1d1870080f568765&media_type=document&tknv=v3&is_direct_zip_experiment=1&etag=ff2cd75ab9395fcc42bd969a8c01c1eb,application/pdf,2026-06-04T17:05:14+00:00
"Screenshot 2024-08-02 at 19-28-20 Adobe Scan Aug 02, 2024(Shared) - Adobe cloud storage.png","disk:/DATA/OFFICE/backup/Whatsapp/Screenshot 2024-08-02 at 19-28-20 Adobe Scan Aug 02, 2024(Shared) - Adobe cloud storage.png",0.24,247176,2026-06-04 17:05:14,image,https://downloader.disk.yandex.ru/disk/2636de3aec9742ba98f6053d6104ec7597fbbe4be5070a3f49cfb12b7837157d/6a53c788/hDhpBaxhocr6Dbg5IBj20Smtu4eVj8hlpbF3nToN9KgrCaoNI5bPoAH1wuPADCHtV8P_Rb5OYf1oBn9FZpxNog%3D%3D?uid=1555067240&filename=Screenshot%202024-08-02%20at%2019-28-20%20Adobe%20Scan%20Aug%2002%2C%202024%28Shared%29%20-%20Adobe%20cloud%20storage.png&disposition=attachment&hash=&limit=0&content_type=image%2Fpng&owner_uid=1555067240&fsize=247176&hid=4bae4bc523fdde21a0a20b42fcc7e203&media_type=image&tknv=v3&is_direct_zip_experiment=1&etag=1eeaff1c246547220202b35bed7a32c9,image/png,2026-06-04T17:05:14+00:00
WhatsApp Image 2024-07-24 at 11.34.32.jpeg,disk:/DATA/OFFICE/backup/Whatsapp/WhatsApp Image 2024-07-24 at 11.34.32.jpeg,0.11,112373,2026-06-04 17:05:16,image,https://downloader.disk.yandex.ru/disk/d1bda7d0175d706ab4c8f72c4b406fb7fb028d69818050e301063bbe48bb61ea/6a53c789/hDhpBaxhocr6Dbg5IBj20bgY7XRFQtow12M2A9I-VKEuA96SyWc7Fxx6KrX7HPW0ua7FsheZdwPHnbzby8ysUg%3D%3D?uid=1555067240&filename=WhatsApp%20Image%202024-07-24%20at%2011.34.32.jpeg&disposition=attachment&hash=&limit=0&content_type=image%2Fjpeg&owner_uid=1555067240&fsize=112373&hid=1a471fb6eddc9df3f33903dce15c4720&media_type=image&tknv=v3&is_direct_zip_experiment=1&etag=4e314c01286c33de7e67853abde78864,image/jpeg,2026-06-04T17:05:16+00:00
july attendence.jpeg,disk:/DATA/OFFICE/backup/Whatsapp/july attendence.jpeg,0.23,238246,2026-06-04 17:05:17,image,https://downloader.disk.yandex.ru/disk/8d6cbc64ea86351da2f3a12415967a2d04b8d11bfd4905adc51868aa8c1c3292/6a53c78a/hDhpBaxhocr6Dbg5IBj20aKMUSk8TyaSFzHoZ5mNq1msll1Q0N3gdQ9BhOQH3mW9wOcEAhjRJjf0bRTig3sOGQ%3D%3D?uid=1555067240&filename=july%20attendence.jpeg&disposition=attachment&hash=&limit=0&content_type=image%2Fjpeg&owner_uid=1555067240&fsize=238246&hid=8f75520a4634da938114dceb0df40419&media_type=image&tknv=v3&is_direct_zip_experiment=1&etag=e3b155dbd553c3aa5d9043bbd8fc73e8,image/jpeg,2026-06-04T17:05:17+00:00
attendence_jan to july_merged.pdf,disk:/DATA/OFFICE/backup/Whatsapp/attendence_jan to july_merged.pdf,23.86,25016241,2026-06-04 17:05:19,document,https://downloader.disk.yandex.ru/disk/75b864efbe0a3c0ca51d6a49d3437e0027ba1e99c6c61c03a8684008cf89cfb0/6a53c78b/hDhpBaxhocr6Dbg5IBj20a5Z1873dUzL34xpqSeavR9MK8jBAQMsOuC4-mIqdu9odAGNIdM58FI9gZ6OHxGyQA%3D%3D?uid=1555067240&filename=attendence_jan%20to%20july_merged.pdf&disposition=attachment&hash=&limit=0&content_type=application%2Fpdf&owner_uid=1555067240&fsize=25016241&hid=e6d47e8da14ba22cd6933b215852aca8&media_type=document&tknv=v3&is_direct_zip_experiment=1&etag=47c74391648c10ccd6961cc3954cfc1c,application/pdf,2026-06-04T17:05:19+00:00
AMAR_RPLY.pdf,disk:/DATA/OFFICE/backup/Whatsapp/AMAR_RPLY.pdf,3.17,3321921,2026-06-04 17:05:26,document,https://downloader.disk.yandex.ru/disk/394c8519e2557bc843d5dd0c88dc343b425e6723d1c3f532daccf9dc6aaf30e3/6a53c78c/hDhpBaxhocr6Dbg5IBj20WwTj7DP3mNgxqzGOJIjre5Vsec_i-8VDecNyBpA_9ofhEV2UGUoNk4QzS4VYb3aVQ%3D%3D?uid=1555067240&filename=AMAR_RPLY.pdf&disposition=attachment&hash=&limit=0&content_type=application%2Fpdf&owner_uid=1555067240&fsize=3321921&hid=1bcfc496143f4e8536fce81660c6d05f&media_type=document&tknv=v3&is_direct_zip_experiment=1&etag=3770001408f71f52a439a31fbdde68e2,application/pdf,2026-06-04T17:05:26+00:00
AMAR_RPLY_page-0002.jpg,disk:/DATA/OFFICE/backup/Whatsapp/ilovepdf_pages-to-jpg/AMAR_RPLY_page-0002.jpg,0.72,753611,2026-06-04 17:05:27,image,https://downloader.disk.yandex.ru/disk/18feb7b83d7714dafec8161ac756a60ae47038fcb90069615581362e30ce8fda/6a53c78c/hDhpBaxhocr6Dbg5IBj20QF6G9MYr735Z8XgYkN7eFeKF09ZOxkLSuuxnwo7maSFTsYNDaceYjOwYoQ8k3TOzA%3D%3D?uid=1555067240&filename=AMAR_RPLY_page-0002.jpg&disposition=attachment&hash=&limit=0&content_type=image%2Fjpeg&owner_uid=1555067240&fsize=753611&hid=392e9384d5fcac8b35e2a8d8e8ce1f5c&media_type=image&tknv=v3&is_direct_zip_experiment=1&etag=3d2cb9a47d6ecf116210be89a7fd9a27,image/jpeg,2026-06-04T17:05:27+00:00
WPA-18582-2024-document.pdf,disk:/DATA/OFFICE/backup/Whatsapp/WPA-18582-2024-document.pdf,1.73,1816167,2026-06-04 17:05:27,document,https://downloader.disk.yandex.ru/disk/3e6b62395f939360202650f6e672fcedd2db07823631239c0cdc818e8607c147/6a53c78d/hDhpBaxhocr6Dbg5IBj20VctdGfDwuwHQNHNIqdv8zHc8ay0GS9NsnYglK_0rXsenf9cCx2BuKaoUIksA5T_fA%3D%3D?uid=1555067240&filename=WPA-18582-2024-document.pdf&disposition=attachment&hash=&limit=0&content_type=application%2Fpdf&owner_uid=1555067240&fsize=1816167&hid=a489f7c54e3c7bf3cfc6bcf1ebb84501&media_type=document&tknv=v3&is_direct_zip_experiment=1&etag=a9ec0dc29ea881c59226ca81bee4eb00,application/pdf,2026-06-04T17:05:27+00:00
AMAR_RPLY_page-0001.jpg,disk:/DATA/OFFICE/backup/Whatsapp/ilovepdf_pages-to-jpg/AMAR_RPLY_page-0001.jpg,0.8,842681,2026-06-04 17:05:28,image,https://downloader.disk.yandex.ru/disk/346cd26e0a6eeecf93f678a0b87d852f9006f28512ac44ffaf60eb5460430470/6a53c78e/hDhpBaxhocr6Dbg5IBj20R0oVQtcOHWxiU_DvOJ1gQeDBRefNPk6bg8T_zY7iXXciQE1L2NZOf4gZ8o50keXGA%3D%3D?uid=1555067240&filename=AMAR_RPLY_page-0001.jpg&disposition=attachment&hash=&limit=0&content_type=image%2Fjpeg&owner_uid=1555067240&fsize=842681&hid=dd8588e3d8a50d06d16a696b3cdb2c00&media_type=image&tknv=v3&is_direct_zip_experiment=1&etag=166f045b28e21c8091e7e05ab3277f43,image/jpeg,2026-06-04T17:05:28+00:00
attendence_jan to july_merged_page-0003.jpg,disk:/DATA/OFFICE/backup/Whatsapp/attendence/attendence_jan to july_merged_page-0003.jpg,1.51,1585827,2026-06-04 17:05:31,image,https://downloader.disk.yandex.ru/disk/a50f2a566b242b53a510444cebb45dc4a523b495842deec5a745a171a5989eba/6a53c78f/hDhpBaxhocr6Dbg5IBj20fFTWfiWAzlRhbdfJtPzrHEVlMdjhypdnzm5y7RgHrG1opRChhvHj7FoI9Voo2fRJg%3D%3D?uid=1555067240&filename=attendence_jan%20to%20july_merged_page-0003.jpg&disposition=attachment&hash=&limit=0&content_type=image%2Fjpeg&owner_uid=1555067240&fsize=1585827&hid=c03489e3708ab164dc3112c6eec1d245&media_type=image&tknv=v3&is_direct_zip_experiment=1&etag=781c133fe9fe5b69b1ef427d5f226895,image/jpeg,2026-06-04T17:05:31+00:00
attendence_jan to july_merged_page-0002.jpg,disk:/DATA/OFFICE/backup/Whatsapp/attendence/attendence_jan to july_merged_page-0002.jpg,1.49,1564547,2026-06-04 17:05:36,image,https://downloader.disk.yandex.ru/disk/8b482b49e6bc897f15c96913df7c18ef301dcdeafe6b1a5b558768929b4c9b2e/6a53c78f/hDhpBaxhocr6Dbg5IBj20eSQwGvXcO4ZBdR2Bkz38zKkwJNMoSqZATrlZcRYEw9fHWpgKMFStY3f7dHeMZ3v4w%3D%3D?uid=1555067240&filename=attendence_jan%20to%20july_merged_page-0002.jpg&disposition=attachment&hash=&limit=0&content_type=image%2Fjpeg&owner_uid=1555067240&fsize=1564547&hid=492945cbf5792be793cdef92b1bfafb2&media_type=image&tknv=v3&is_direct_zip_experiment=1&etag=eefe512fc39dfcd14c88a227288ca676,image/jpeg,2026-06-04T17:05:36+00:00
Aatin_rply_2.pdf,disk:/DATA/OFFICE/backup/Whatsapp/Aatin_rply_2.pdf,5.76,6043412,2026-06-04 17:05:37,document,https://downloader.disk.yandex.ru/disk/3675b1f7b17eb584720c5797373f55067ff3d5ba50ce7324f9ee16db30bde36a/6a53c791/hDhpBaxhocr6Dbg5IBj20SCTUI6woZfwcpGmwlO2ArT39UzrE6c9vHrgMsjSDRD0hntEXqoxiz_EUN8CSs8DRA%3D%3D?uid=1555067240&filename=Aatin_rply_2.pdf&disposition=attachment&hash=&limit=0&content_type=application%2Fpdf&owner_uid=1555067240&fsize=6043412&hid=c284de724cd1aae522d5226108112175&media_type=document&tknv=v3&is_direct_zip_experiment=1&etag=16dc08656b9bf0513af935314ac464b7,application/pdf,2026-06-04T17:05:37+00:00
attendence_jan to july_merged_page-0008.jpg,disk:/DATA/OFFICE/backup/Whatsapp/attendence/attendence_jan to july_merged_page-0008.jpg,1.45,1516525,2026-06-04 17:05:37,image,https://downloader.disk.yandex.ru/disk/3678e946910bac9531d852ea16f9cf762ff4c5bde21200357a469f0acf697889/6a53c791/hDhpBaxhocr6Dbg5IBj20Yuefs7jTKZRik62AIQpiKlIbxd5HPG9fmNE65Q6gLr3h_LVOGmveDPjK0DZvGL0zw%3D%3D?uid=1555067240&filename=attendence_jan%20to%20july_merged_page-0008.jpg&disposition=attachment&hash=&limit=0&content_type=image%2Fjpeg&owner_uid=1555067240&fsize=1516525&hid=4c6aeffe252cadb3f7c0a173102d771e&media_type=image&tknv=v3&is_direct_zip_experiment=1&etag=a040b21b9e4c7e633d8a0946caeb48b6,image/jpeg,2026-06-04T17:05:37+00:00
attendence_jan to july_merged_page-0005.jpg,disk:/DATA/OFFICE/backup/Whatsapp/attendence/attendence_jan to july_merged_page-0005.jpg,1.44,1514533,2026-06-04 17:05:40,image,https://downloader.disk.yandex.ru/disk/70910db3d00b37fce852f6b30749d09d502278a27b8da5190a9cef9fb9d65fc2/6a53c792/hDhpBaxhocr6Dbg5IBj20ZUg63Ms-h22HNq7EMKsIHM0ZEHOCXTgptMCNKdR4kfiuGahztcZqUKyUbC5TbLbtA%3D%3D?uid=1555067240&filename=attendence_jan%20to%20july_merged_page-0005.jpg&disposition=attachment&hash=&limit=0&content_type=image%2Fjpeg&owner_uid=1555067240&fsize=1514533&hid=3c4ebab9b594d2ed80176b0fcb33c9d6&media_type=image&tknv=v3&is_direct_zip_experiment=1&etag=377d5698baaca9580ce14feb9cb74ecf,image/jpeg,2026-06-04T17:05:40+00:00
attendence_jan to july_merged_page-0006.jpg,disk:/DATA/OFFICE/backup/Whatsapp/attendence/attendence_jan to july_merged_page-0006.jpg,1.56,1635245,2026-06-04 17:05:40,image,https://downloader.disk.yandex.ru/disk/afb13e3a36bebf21b7f3fe6ccd8d180386e7b5057d006bb3e0be91b5380ee519/6a53c793/hDhpBaxhocr6Dbg5IBj20V7K7RRzSFjyB7eHC5ziqaFdRfH_uGQlnms4MDqegF29Fy9KMFKpXmUtTFfcdi4zrA%3D%3D?uid=1555067240&filename=attendence_jan%20to%20july_merged_page-0006.jpg&disposition=attachment&hash=&limit=0&content_type=image%2Fjpeg&owner_uid=1555067240&fsize=1635245&hid=7661e959cbe861721f270facb185be03&media_type=image&tknv=v3&is_direct_zip_experiment=1&etag=bc1b3e661c75b96555f97c50de70851d,image/jpeg,2026-06-04T17:05:40+00:00
Aatin_rply_2_page-0001.jpg,disk:/DATA/OFFICE/backup/Whatsapp/aatin reply2/Aatin_rply_2_page-0001.jpg,1.05,1101177,2026-06-04 17:05:46,image,https://downloader.disk.yandex.ru/disk/f107b3a71d1b06b89fd7889bcbfe3a4e9d98f4c8e032c86be6d15dbae76fe631/6a53c793/hDhpBaxhocr6Dbg5IBj20e2MbSSTFXWDhGBfgervTKv7obmFtbrpyXnw7H2AmqbF0wppLVhjgzVVWuaWv0Pxxw%3D%3D?uid=1555067240&filename=Aatin_rply_2_page-0001.jpg&disposition=attachment&hash=&limit=0&content_type=image%2Fjpeg&owner_uid=1555067240&fsize=1101177&hid=e1e42bcf4ad2958e96ce89611aeb7f5d&media_type=image&tknv=v3&is_direct_zip_experiment=1&etag=4e0d46f54e602e8af6fe7b0c7080f175,image/jpeg,2026-06-04T17:05:46+00:00
Aatin_rply_2_page-0002.jpg,disk:/DATA/OFFICE/backup/Whatsapp/aatin reply2/Aatin_rply_2_page-0002.jpg,1.27,1327098,2026-06-04 17:05:46,image,https://downloader.disk.yandex.ru/disk/c63b91c9e6a31910ad1997e7b77fb722781766b73312b5cbc027203c30fad524/6a53c794/hDhpBaxhocr6Dbg5IBj20eYQGn3y0C94lZGRBku-MRoNhwVlucWYG5hy5vgOF7nbV1CDII171pbnT_AvDXBl4w%3D%3D?uid=1555067240&filename=Aatin_rply_2_page-0002.jpg&disposition=attachment&hash=&limit=0&content_type=image%2Fjpeg&owner_uid=1555067240&fsize=1327098&hid=b5bc13b3a1d6aa932e5cbe18d6eaecf9&media_type=image&tknv=v3&is_direct_zip_experiment=1&etag=03bfcac659657e6b6019b3fe18d957fd,image/jpeg,2026-06-04T17:05:46+00:00
attendence_jan to july_merged_page-0007.jpg,disk:/DATA/OFFICE/backup/Whatsapp/attendence/attendence_jan to july_merged_page-0007.jpg,1.52,1590040,2026-06-04 17:05:46,image,https://downloader.disk.yandex.ru/disk/bc017cbf6450905c16c703799456097df95359b7065d75d1f6d705895df99100/6a53c796/hDhpBaxhocr6Dbg5IBj20Slig7KrB-V-65wJv20xcoHfO1CCsu05gXQMD0YQji-uFwXFBHnAappUQHbLHHEQAw%3D%3D?uid=1555067240&filename=attendence_jan%20to%20july_merged_page-0007.jpg&disposition=attachment&hash=&limit=0&content_type=image%2Fjpeg&owner_uid=1555067240&fsize=1590040&hid=366e05e689b0f70a1f81f0cf70784358&media_type=image&tknv=v3&is_direct_zip_experiment=1&etag=46cfd2474d2b285ab1f37811b843d9b8,image/jpeg,2026-06-04T17:05:46+00:00
attendence_jan to july_merged_page-0001.jpg,disk:/DATA/OFFICE/backup/Whatsapp/attendence/attendence_jan to july_merged_page-0001.jpg,1.58,1651744,2026-06-04 17:05:47,image,https://downloader.disk.yandex.ru/disk/5611e2dc41cd9a4132e6f787b57f84e14b72bc23aaad76b5e4ad486fa99e8847/6a53c797/hDhpBaxhocr6Dbg5IBj20ch9MOVbiOnJGilRoKeakkCi2jdte3FNT5Y-PewcN4NTUSNI1dFiu_gUDFsTuQQZSQ%3D%3D?uid=1555067240&filename=attendence_jan%20to%20july_merged_page-0001.jpg&disposition=attachment&hash=&limit=0&content_type=image%2Fjpeg&owner_uid=1555067240&fsize=1651744&hid=304e68e2580766fba84b5d1af49e2d7c&media_type=image&tknv=v3&is_direct_zip_experiment=1&etag=353d36abde04f0fdb942360acab0af54,image/jpeg,2026-06-04T17:05:47+00:00
attendence_jan to july_merged_page-0004.jpg,disk:/DATA/OFFICE/backup/Whatsapp/attendence/attendence_jan to july_merged_page-0004.jpg,1.49,1565275,2026-06-04 17:05:47,image,https://downloader.disk.yandex.ru/disk/c90c78f1179041e52fb9824fcfae87a449a85bf0d218254c813963e8f0021ffa/6a53c798/hDhpBaxhocr6Dbg5IBj20b7iLAiozsVGFKfsQonXC-BKsGLrhNLhqBhU24oTarGxZeRViztIr4HGRcyN_tbPwg%3D%3D?uid=1555067240&filename=attendence_jan%20to%20july_merged_page-0004.jpg&disposition=attachment&hash=&limit=0&content_type=image%2Fjpeg&owner_uid=1555067240&fsize=1565275&hid=446861ca9e9e3afe9076bcf1c9473b0d&media_type=image&tknv=v3&is_direct_zip_experiment=1&etag=08d05eaf127423961127986f0fbd03a1,image/jpeg,2026-06-04T17:05:47+00:00
Aatin_rply_2_page-0003.jpg,disk:/DATA/OFFICE/backup/Whatsapp/aatin reply2/Aatin_rply_2_page-0003.jpg,0.98,1023843,2026-06-04 17:05:48,image,https://downloader.disk.yandex.ru/disk/21ccd05706f6893ea32e25ce13a0bbc1bcbef8ece69371bc2c67dfde291d6f3b/6a53c799/hDhpBaxhocr6Dbg5IBj20WoKxupGWZlHUib94waCahO1Z_ZtQX6RX7VvZgqP_88NLSMORX84v0IolUPTaEvecw%3D%3D?uid=1555067240&filename=Aatin_rply_2_page-0003.jpg&disposition=attachment&hash=&limit=0&content_type=image%2Fjpeg&owner_uid=1555067240&fsize=1023843&hid=7a3bfccffa6b7398b1f8f085e804ffcb&media_type=image&tknv=v3&is_direct_zip_experiment=1&etag=7fc4178ba1dd7c6dc8e8ce0620867f3c,image/jpeg,2026-06-04T17:05:48+00:00
61. BAG & SHOE VISIT REPORT.jpg,disk:/🏢-🖨️/61. BAG & SHOE VISIT REPORT.jpg,0.21,221433,2026-06-05 09:32:13,image,https://downloader.disk.yandex.ru/disk/a77e8b60d343af42517a9ab6722be159af9c1678573f5425bc81a25371b8044c/6a53c799/hDhpBaxhocr6Dbg5IBj20dU2dRCbrMzgWb0Giii79MdrKuFBivGbl4o3PMvEBcxh8U4t_5WxykbugoRPvlYQ7A%3D%3D?uid=1555067240&filename=61.%20BAG%20%26%20SHOE%20VISIT%20REPORT.jpg&disposition=attachment&hash=&limit=0&content_type=image%2Fjpeg&owner_uid=1555067240&fsize=221433&hid=8b71eeec69ff695b910ee917201bb087&media_type=image&tknv=v3&is_direct_zip_experiment=1&etag=b4c0b540b4e0216fc0a38c34f50758c4,image/jpeg,2026-06-05T09:31:30+00:00
Orientation Course in line with NEP 2020.pdf,disk:/NAS2024_MOCK QUESTION PAPER/CCRT 2026 Course Application Form/Orientation Course in line with NEP 2020.pdf,0.12,128090,2026-06-08 05:39:16,document,https://downloader.disk.yandex.ru/disk/8cf8739673b43a8e787bccc004027ac9c616eef9a7324f886363a573ba501b41/6a53c79a/hDhpBaxhocr6Dbg5IBj20Za9SWrMW53TdT2vIISHhdJo6_wlLvSMW6fwnGXL0AcZ7v3VY-ZYC7YRnW0_fqeuwQ%3D%3D?uid=1555067240&filename=Orientation%20Course%20in%20line%20with%20NEP%202020.pdf&disposition=attachment&hash=&limit=0&content_type=application%2Fpdf&owner_uid=1555067240&fsize=128090&hid=9d30af6e9e1e5be5647727a69a28dd04&media_type=document&tknv=v3&is_direct_zip_experiment=1&etag=a0b69c9c9816e7cc3d7ad707af79687a,application/pdf,2026-06-08T05:39:16+00:00
Role of Puppetry in Education in line with NEP 2020.pdf,disk:/NAS2024_MOCK QUESTION PAPER/CCRT 2026 Course Application Form/Role of Puppetry in Education in line with NEP 2020.pdf,0.1,102570,2026-06-08 05:39:16,document,https://downloader.disk.yandex.ru/disk/851c529b2d86434ad20cad833876720dbb1a8435331ca86a41b183d0f472bfc4/6a53c79b/hDhpBaxhocr6Dbg5IBj20bP9jwbuuPNnQFiDPrFFw1j74qVfbVtwd9y7ZqjW7X5ROFTiGX9YWEbJEXeagwdk9w%3D%3D?uid=1555067240&filename=Role%20of%20Puppetry%20in%20Education%20in%20line%20with%20NEP%202020.pdf&disposition=attachment&hash=&limit=0&content_type=application%2Fpdf&owner_uid=1555067240&fsize=102570&hid=64054412be561a2753941f4fdaa7cc9d&media_type=document&tknv=v3&is_direct_zip_experiment=1&etag=19096215578537c8980283af80be71f9,application/pdf,2026-06-08T05:39:16+00:00
Integrating Craft Skills in School Education.pdf,disk:/NAS2024_MOCK QUESTION PAPER/CCRT 2026 Course Application Form/Integrating Craft Skills in School Education.pdf,0.1,105452,2026-06-08 05:39:17,document,https://downloader.disk.yandex.ru/disk/1c1ee46e62222480105bece549656c11a5111bca38bc06f645e979ba3e8c8b78/6a53c79c/hDhpBaxhocr6Dbg5IBj20ed3KOV8DIC-3PPDrpf5LD8g2Wcsq1BdkoKkLy7f19AnY1anYoMr5mmzivdkdc0QtQ%3D%3D?uid=1555067240&filename=Integrating%20Craft%20Skills%20in%20School%20Education.pdf&disposition=attachment&hash=&limit=0&content_type=application%2Fpdf&owner_uid=1555067240&fsize=105452&hid=fc04b01449273303fb7a1a1b12c4a5de&media_type=document&tknv=v3&is_direct_zip_experiment=1&etag=3a2877416c073addd3f5cbd3cb79b812,application/pdf,2026-06-08T05:39:17+00:00
Our Cultural Diversity.pdf,disk:/NAS2024_MOCK QUESTION PAPER/CCRT 2026 Course Application Form/Our Cultural Diversity.pdf,0.09,94989,2026-06-08 05:39:17,document,https://downloader.disk.yandex.ru/disk/28e6ec66e615c5ac8489169d42f14e088974b1be3af41bcb80933323737fde28/6a53c79c/hDhpBaxhocr6Dbg5IBj20QqzmOkbF9juLngWmrWtwNdb8uDOJmRMyNhudVXzX-qNLHLStuxwxtLxV9WLsZ-1UA%3D%3D?uid=1555067240&filename=Our%20Cultural%20Diversity.pdf&disposition=attachment&hash=&limit=0&content_type=application%2Fpdf&owner_uid=1555067240&fsize=94989&hid=156938f48471b0cf3c68300737f96df4&media_type=document&tknv=v3&is_direct_zip_experiment=1&etag=5018257bda4a14affc7440cdc866495b,application/pdf,2026-06-08T05:39:17+00:00
Role of Museums in School Education.pdf,disk:/NAS2024_MOCK QUESTION PAPER/CCRT 2026 Course Application Form/Role of Museums in School Education.pdf,0.11,111219,2026-06-08 05:39:17,document,https://downloader.disk.yandex.ru/disk/547fc8953d10507c94d2e6cbe12689092ab7b95436dcbd1276c294a8765acfd3/6a53c79d/hDhpBaxhocr6Dbg5IBj20ac2fA2DI6zSjg0ONtSSn6VLqlV9QrQojHLYqZoB4URUd0DUELWf_KNX613ENmlKQw%3D%3D?uid=1555067240&filename=Role%20of%20Museums%20in%20School%20Education.pdf&disposition=attachment&hash=&limit=0&content_type=application%2Fpdf&owner_uid=1555067240&fsize=111219&hid=231168b37ccae6e6b0ea0d14e6fe8071&media_type=document&tknv=v3&is_direct_zip_experiment=1&etag=956f7e7ee58a95c7a0d7326ee0b8abc8,application/pdf,2026-06-08T05:39:17+00:00
Role of Schools in Conservation of the Natural and Cultural Heritage.pdf,disk:/NAS2024_MOCK QUESTION PAPER/CCRT 2026 Course Application Form/Role of Schools in Conservation of the Natural and Cultural Heritage.pdf,0.1,110097,2026-06-08 05:39:17,document,https://downloader.disk.yandex.ru/disk/ebd6bd3a6e3aec6d6c061872317381c299abb8970ad82b149fc09c155a49ce7a/6a53c79e/hDhpBaxhocr6Dbg5IBj20SOVNtZ6oORfm59-8MrO82pPwCM3j00tlWlsRBJXnDPl70FBJXF0KAZVf6sR67VTBw%3D%3D?uid=1555067240&filename=Role%20of%20Schools%20in%20Conservation%20of%20the%20Natural%20and%20Cultural%20Heritage.pdf&disposition=attachment&hash=&limit=0&content_type=application%2Fpdf&owner_uid=1555067240&fsize=110097&hid=a7e6ceefa669b7ee9cf7112b789087cf&media_type=document&tknv=v3&is_direct_zip_experiment=1&etag=6020e20ac944bff4ff23134cd1c721de,application/pdf,2026-06-08T05:39:17+00:00
62. Rationalisation_SADAR URBAN-I.pdf,disk:/🏢-🖨️/62. Rationalisation_SADAR URBAN-I.pdf,0.06,66528,2026-06-15 07:36:19,document,https://downloader.disk.yandex.ru/disk/6a5dea9756c0a68de8b61c771c1e4636e06efead404f5b24e14b7ad692b74e89/6a53c79f/hDhpBaxhocr6Dbg5IBj20SDqQ45HShXCv6T72Q1LGaq42YsItMo-2wLailbfsA5ngEEAA7g88A7hPtk-qk-dFw%3D%3D?uid=1555067240&filename=62.%20Rationalisation_SADAR%20URBAN-I.pdf&disposition=attachment&hash=&limit=0&content_type=application%2Fpdf&owner_uid=1555067240&fsize=66528&hid=d5990229deeba40ac9bf61964f4a17f3&media_type=document&tknv=v3&is_direct_zip_experiment=1&etag=68c71d6efb0ae039b3a00e4425ed88af,application/pdf,2026-06-15T07:35:56+00:00
63. LeaveApplicationReport_LEAVE_24-25.pdf,disk:/🏢-🖨️/63. LeaveApplicationReport_LEAVE_24-25.pdf,0.22,228224,2026-06-22 05:10:13,document,https://downloader.disk.yandex.ru/disk/d9bb63e58e5de8e0cca8784e70c6dc406a0907a7b833488a2df9a5dfec11e456/6a53c79f/hDhpBaxhocr6Dbg5IBj20SzZbity98r6A0Qzdxzi45z9RHoPynbQ1OielFQId0p8DGAqY8ViUzyfTqM6zRu-SA%3D%3D?uid=1555067240&filename=63.%20LeaveApplicationReport_LEAVE_24-25.pdf&disposition=attachment&hash=&limit=0&content_type=application%2Fpdf&owner_uid=1555067240&fsize=228224&hid=64906b849bb4743877885c1029d07c96&media_type=document&tknv=v3&is_direct_zip_experiment=1&etag=784ce838bf4c2be0c0cda6e2c5799bf3,application/pdf,2026-06-22T05:09:58+00:00
Primary+High School Teacher Contact Home Address Emailid Details.csv,disk:/DATA/OFFICE/Primary+High School Teacher Contact Home Address Emailid Details.csv,0.13,133746,2026-07-03 00:33:27,data,https://downloader.disk.yandex.ru/disk/c56f71d8daac3b1179949b64a74c5870ef341e0ec5876de8a597e4c0d5be2dec/6a53c7a0/hDhpBaxhocr6Dbg5IBj20dAiKJfS2GsfvsztvPQPonEGwkBa9D7QXkNop-srLs_dBeO4-4N2GtKNrM8god41gQ%3D%3D?uid=1555067240&filename=Primary%2BHigh%20School%20Teacher%20Contact%20Home%20Address%20Emailid%20Details.csv&disposition=attachment&hash=&limit=0&content_type=text%2Fcsv&owner_uid=1555067240&fsize=133746&hid=d92821df3966be0de96737420be69eb2&media_type=data&tknv=v3&is_direct_zip_experiment=1&etag=784c36578be99c9e6fa95e0527268d42,text/csv,2026-07-03T00:33:27+00:00
64. Palash Chowdhuryt _Appraisal_2025-26.pdf,disk:/🏢-🖨️/64. Palash Chowdhuryt _Appraisal_2025-26.pdf,0.82,857101,2026-07-09 08:14:06,document,https://downloader.disk.yandex.ru/disk/b271d6eff80505593ad1d26014fadd21fbe3de6c1189708f531c1feb46740795/6a53c7a1/hDhpBaxhocr6Dbg5IBj20bnPYZCv5eogqt09156PEaP_De_Fwa8lzAy2djmOTjYt_aL9S8IzyOAYpEsHyW2CNA%3D%3D?uid=1555067240&filename=64.%20Palash%20Chowdhuryt%20_Appraisal_2025-26.pdf&disposition=attachment&hash=&limit=0&content_type=application%2Fpdf&owner_uid=1555067240&fsize=857101&hid=9867aecbd66bbc9dafb62adc3026584e&media_type=document&tknv=v3&is_direct_zip_experiment=1&etag=0f345443f270f4d7229b7c12a16bace1,application/pdf,2026-07-09T08:13:40+00:00
