CALL OI,CALL OI CHNG,CALL VOLUME,CALL CHNG,CALL LTP,STRIKE,IV,PUT LTP,PUT CHNG,PUT VOLUME,PUT OI CHNG,PUT OI
594,48,311,-63.95,1009.2,25100,15.48,1.6,-0.25,38828,2219,24315
1349,-14,42,-64.5,911,25200,14.22,1.7,-0.35,53919,2699,52797
1185,-4,7,-31.2,843.75,25300,13.08,1.95,-0.4,63178,1419,65921
2046,-71,94,-61.3,714.5,25400,11.78,2.1,-0.55,65133,2835,38106
7806,-131,868,-61.8,614.15,25500,10.54,2.4,-0.8,102542,11503,117532
4385,-19,1051,-64.05,512.7,25600,9.17,2.6,-1.15,87404,2364,45794
8487,180,1084,-65,413,25700,8.0,3.4,-1.45,92311,7219,78061
14736,462,11176,-66.15,315.15,25800,7.09,5.7,-1.9,184558,26958,129494
19324,3360,24195,-63.9,223.8,25900,6.6,12.95,-1.2,219790,30301,106451
114970,20364.666666666668,159414,-58.95,143.1,26000,6.41,31.55,3.05,432052,53727.666666666664,257130.33333333334
153951,94550,609098,-49.75,79.55,26100,6.28,67.8,12.1,756601,128277,223860
,,,,,26104.75,,Expiry: 30-DEC-2025,,,,
258733,79887,524851,-35.95,37,26200,6.37,126.5,27.6,370578,31412,131346
175745,42715,357859,-19.75,15,26300,6.44,204.35,43.6,83156,7210,35950
145135,7302,350912,-8.2,6.15,26400,6.79,294.4,55.05,15529,417,17204
164385,15338,244262,-3.15,3.3,26500,7.54,393.1,60.95,5590,-13,22105
116244,9017,231902,-1.2,2.55,26600,8.68,493,63.85,425,-17,2925
105094,11511,138507,-0.6,2,26700,9.76,590.1,59.95,329,-106,2069
77947,-2607,103965,-0.3,1.6,26800,10.78,692.4,64.95,121,-30,2213
40649,170,59205,-0.2,1.4,26900,11.88,790.4,62.9,41,-6,630
163503.33333333334,1325,147609,-0.15,1.35,27000,13.09,888.15,61.8,178,-56.666666666666664,12326.333333333334
30652,2607,28974,-0.05,1.2,27100,14.13,0,0,0,0,251
,,,,,,,,,,Update Time,26-Dec 09:37
