CALL OI,CALL OI CHNG,CALL VOLUME,CALL CHNG,CALL LTP,STRIKE,IV,PUT LTP,PUT CHNG,PUT VOLUME,PUT OI CHNG,PUT OI
1335,-33,192,-13.9,990.7,25200,13.51,2.45,-1.45,202144,14132,50225
1214,-91,377,-23.15,884.95,25300,12.55,2.8,-1.75,287927,14482,55927
2205,-284,857,-22.4,786.95,25400,11.43,3,-2.2,250721,-71,38501
8144,-500,2354,-27.75,686.35,25500,10.48,3.6,-2.55,278552,31734,106065
4375,-112,1969,-25.75,586.8,25600,9.43,4.2,-3.5,170944,5093,42443
9296,-44,4888,-25.2,488.95,25700,8.48,5.45,-5,222302,4855,70649
15715,-315,20419,-30.5,392,25800,7.72,8.25,-7.25,367252,24629,101380
17820,281,37377,-31.6,299,25900,7.22,14.85,-10.2,448540,26245,83518
101658,7868.666666666667,246160,-35.45,213,26000,6.87,28.35,-13.35,920069,50642.666666666664,209341
73185,32351,622440,-36.05,138.9,26100,6.65,53.75,-13.65,1079643,51394,118717
,,,,,26158.55,,Expiry: 30-DEC-2025,,,,
254557,153774,2595580,-33.75,80.1,26200,6.26,95.2,-10.75,2811639,84132,171960
161561,79986,1335903,-27.55,39.6,26300,6.11,155.25,-4.85,876302,18180,46509
118413,50090,846581,-18.55,17.65,26400,6.14,233.3,4.45,259963,8051,23160
131990,35618,694702,-10.25,8.35,26500,6.47,323.15,13.7,70674,339,23364
82190,26402,484360,-4.55,4.65,26600,7.06,419.65,16.2,8416,388,3160
101567,44645,390790,-2.2,3.25,26700,7.87,518.55,20.45,3572,-190,2200
84514,22281,343995,-1.25,2.5,26800,8.74,615.6,30.75,1056,23,2238
39583,8300,291838,-0.9,2.05,26900,9.63,715,19.1,304,54,642
140689,-7296,398355,-0.85,1.75,27000,10.52,816.5,19.9,4316,-380,13478
27746,8848,132957,-0.6,1.4,27100,11.28,917,37.05,49,-20,256
41710,11193,137399,-0.35,1.3,27200,12.21,1013.3,13.5,158,-18,1346
,,,,,,,,,,Update Time,24-Dec 13:48
