CALL OI,CALL OI CHNG,CALL VOLUME,CALL CHNG,CALL LTP,STRIKE,IV,PUT LTP,PUT CHNG,PUT VOLUME,PUT OI CHNG,PUT OI
17356,-1140,2436,-108.05,1066,25000,16.31,1.45,-0.4,259221,-21485,117463.66666666667
447,-99,558,-107.6,965.55,25100,15.06,1.55,-0.3,112225,6520,28616
1285,-78,247,-109.5,866,25200,13.83,1.7,-0.35,127698,-656,49442
1132,-57,205,-112.05,762.9,25300,12.6,1.9,-0.45,215176,-7477,57025
1922,-195,556,-109.95,665.85,25400,11.39,2.2,-0.45,241418,21923,57194
7268,-669,4355,-107.95,568,25500,10.09,2.5,-0.7,353656,9428,115457
4383,-21,3627,-108.5,468.25,25600,8.68,2.75,-1,276107,7012,50442
8409,102,8383,-109.6,368.4,25700,7.55,3.9,-0.95,335798,13201,84043
20816,6542,71599,-110.1,271.2,25800,6.57,6.65,-0.95,786238,29553,132089
39808,23844,221536,-106.55,181.15,25900,6.1,16.25,2.1,1327301,41772,117922
208594.33333333334,113989,1382276,-96.85,105.2,26000,5.87,40.3,11.8,2957904,79916,283318.6666666667
,,,,,26047.6,,Expiry: 30-DEC-2025,,,,
367294,307893,3615338,-78.7,50.6,26100,6.07,86.45,30.75,4047392,53752,149335
346300,167454,2276035,-51.7,21.25,26200,6.18,156.75,57.85,1418923,-19525,80409
191605,58575,1321786,-26.35,8.4,26300,6.48,243.9,83.15,300836,-3158,25582
154359,16526,908560,-10.35,4,26400,7.14,339.85,100.5,53744,-3396,13391
167810,18763,674233,-3.5,2.95,26500,8.31,437.25,105.1,19134,-1634,20484
125590,18363,588618,-1.45,2.3,26600,9.44,540.35,111.2,1515,-98,2844
116472,22889,522487,-0.7,1.9,26700,10.57,638,107.85,1000,-165,2010
85722,5168,341118,-0.3,1.6,26800,11.67,736,108.55,467,-114,2129
52086,11607,219039,-0.2,1.4,26900,12.77,844,116.5,331,-85,551
187384.33333333334,25206,421770,-0.1,1.4,27000,14.06,937.25,110.9,2498,-1067.3333333333333,11315.666666666666
,,,,,,,,,,Update Time,26-Dec 13:40
